Experiment,Litter,Genotype1,Treatment,Channel,Marker,ab.2
082515_Pd-abl,082515_Pd,wt,,CH1,DNA,Hoechst
082515_Pd-abl,082515_Pd,wt,,CH2,CDX2.m,af488.m
082515_Pd-abl,082515_Pd,wt,,CH3,BF,NA
082515_Pd-abl,082515_Pd,wt,,CH4,GATA6.gt,af568.gt
082515_Pd-abl,082515_Pd,wt,,CH5,NANOG.rb,af647.rb
082515_Pd-abl,082515_Pd,het,,CH1,DNA,Hoechst
082515_Pd-abl,082515_Pd,het,,CH2,GFP,no.ab
082515_Pd-abl,082515_Pd,het,,CH3,BF,NA
082515_Pd-abl,082515_Pd,het,,CH4,GATA6.gt,af568.gt
082515_Pd-abl,082515_Pd,het,,CH5,NANOG.rb,af647.rb
082615_Pd-abl,082615_Pd,wt,,CH1,DNA,Hoechst
082615_Pd-abl,082615_Pd,wt,,CH2,CDX2.m,af488.m
082615_Pd-abl,082615_Pd,wt,,CH3,BF,NA
082615_Pd-abl,082615_Pd,wt,,CH4,GATA6.gt,af568.gt
082615_Pd-abl,082615_Pd,wt,,CH5,NANOG.rb,af647.rb
082615_Pd-abl,082615_Pd,het,,CH1,DNA,Hoechst
082615_Pd-abl,082615_Pd,het,,CH2,GFP,no.ab
082615_Pd-abl,082615_Pd,het,,CH3,BF,NA
082615_Pd-abl,082615_Pd,het,,CH4,GATA6.gt,af568.gt
082615_Pd-abl,082615_Pd,het,,CH5,NANOG.rb,af647.rb
103115_Pd-abl,103115_Pd,wt,,CH1,DNA,Hoechst
103115_Pd-abl,103115_Pd,wt,,CH2,CDX2.m,af488.m
103115_Pd-abl,103115_Pd,wt,,CH3,BF,NA
103115_Pd-abl,103115_Pd,wt,,CH4,GATA6.gt,af568.gt
103115_Pd-abl,103115_Pd,wt,,CH5,NANOG.rb,af647.rb
103115_Pd-abl,103115_Pd,het,,CH1,DNA,Hoechst
103115_Pd-abl,103115_Pd,het,,CH2,GFP,no.ab
103115_Pd-abl,103115_Pd,het,,CH3,BF,NA
103115_Pd-abl,103115_Pd,het,,CH4,GATA6.gt,af568.gt
103115_Pd-abl,103115_Pd,het,,CH5,NANOG.rb,af647.rb
110215_Pd-abl,110215_Pd,wt,,CH1,DNA,Hoechst
110215_Pd-abl,110215_Pd,wt,,CH2,CDX2.m,af488.m
110215_Pd-abl,110215_Pd,wt,,CH3,BF,NA
110215_Pd-abl,110215_Pd,wt,,CH4,GATA6.gt,af568.gt
110215_Pd-abl,110215_Pd,wt,,CH5,NANOG.rb,af647.rb
110215_Pd-abl,110215_Pd,het,,CH1,DNA,Hoechst
110215_Pd-abl,110215_Pd,het,,CH2,GFP,no.ab
110215_Pd-abl,110215_Pd,het,,CH3,BF,NA
110215_Pd-abl,110215_Pd,het,,CH4,GATA6.gt,af568.gt
110215_Pd-abl,110215_Pd,het,,CH5,NANOG.rb,af647.rb
110315_Pd-abl,110315_Pd,wt,,CH1,DNA,Hoechst
110315_Pd-abl,110315_Pd,wt,,CH2,CDX2.m,af488.m
110315_Pd-abl,110315_Pd,wt,,CH3,BF,NA
110315_Pd-abl,110315_Pd,wt,,CH4,GATA6.gt,af568.gt
110315_Pd-abl,110315_Pd,wt,,CH5,NANOG.rb,af647.rb
110315_Pd-abl,110315_Pd,het,,CH1,DNA,Hoechst
110315_Pd-abl,110315_Pd,het,,CH2,GFP,no.ab
110315_Pd-abl,110315_Pd,het,,CH3,BF,NA
110315_Pd-abl,110315_Pd,het,,CH4,GATA6.gt,af568.gt
110315_Pd-abl,110315_Pd,het,,CH5,NANOG.rb,af647.rb
022817Abl_A,A,het,Ablated,CH1,tbd,tbd
022817Abl_A,A,het,Ablated,CH2,tbd,tbd
022817Abl_A,A,het,Ablated,CH3,tbd,tbd
022817Abl_A,A,het,Ablated,CH4,tbd,tbd
022817Abl_A,A,het,Ablated,CH5,tbd,tbd
022817Abl_A,A,wt,Littermate,CH1,tbd,tbd
022817Abl_A,A,wt,Littermate,CH2,tbd,tbd
022817Abl_A,A,wt,Littermate,CH3,tbd,tbd
022817Abl_A,A,wt,Littermate,CH4,tbd,tbd
022817Abl_A,A,wt,Littermate,CH5,tbd,tbd
022817Abl_B,B,het,Ablated,CH1,tbd,tbd
022817Abl_B,B,het,Ablated,CH2,tbd,tbd
022817Abl_B,B,het,Ablated,CH3,tbd,tbd
022817Abl_B,B,het,Ablated,CH4,tbd,tbd
022817Abl_B,B,het,Ablated,CH5,tbd,tbd
022817Abl_B,B,wt,Littermate,CH1,tbd,tbd
022817Abl_B,B,wt,Littermate,CH2,tbd,tbd
022817Abl_B,B,wt,Littermate,CH3,tbd,tbd
022817Abl_B,B,wt,Littermate,CH4,tbd,tbd
022817Abl_B,B,wt,Littermate,CH5,tbd,tbd
022817Abl_B,B,wt,Control,CH1,tbd,tbd
022817Abl_B,B,wt,Control,CH2,tbd,tbd
022817Abl_B,B,wt,Control,CH3,tbd,tbd
022817Abl_B,B,wt,Control,CH4,tbd,tbd
022817Abl_B,B,wt,Control,CH5,tbd,tbd
031517Abl_C,C,het,Ablated,CH1,tbd,tbd
031517Abl_C,C,het,Ablated,CH2,tbd,tbd
031517Abl_C,C,het,Ablated,CH3,tbd,tbd
031517Abl_C,C,het,Ablated,CH4,tbd,tbd
031517Abl_C,C,het,Ablated,CH5,tbd,tbd
031517Abl_C,C,wt,Littermate,CH1,tbd,tbd
031517Abl_C,C,wt,Littermate,CH2,tbd,tbd
031517Abl_C,C,wt,Littermate,CH3,tbd,tbd
031517Abl_C,C,wt,Littermate,CH4,tbd,tbd
031517Abl_C,C,wt,Littermate,CH5,tbd,tbd
031517Abl_C,C,wt,Control,CH1,tbd,tbd
031517Abl_C,C,wt,Control,CH2,tbd,tbd
031517Abl_C,C,wt,Control,CH3,tbd,tbd
031517Abl_C,C,wt,Control,CH4,tbd,tbd
031517Abl_C,C,wt,Control,CH5,tbd,tbd
031517Abl_D,D,het,Ablated,CH1,tbd,tbd
031517Abl_D,D,het,Ablated,CH2,tbd,tbd
031517Abl_D,D,het,Ablated,CH3,tbd,tbd
031517Abl_D,D,het,Ablated,CH4,tbd,tbd
031517Abl_D,D,het,Ablated,CH5,tbd,tbd
031517Abl_D,D,wt,Littermate,CH1,tbd,tbd
031517Abl_D,D,wt,Littermate,CH2,tbd,tbd
031517Abl_D,D,wt,Littermate,CH3,tbd,tbd
031517Abl_D,D,wt,Littermate,CH4,tbd,tbd
031517Abl_D,D,wt,Littermate,CH5,tbd,tbd
031517Abl_D,D,wt,Control,CH1,tbd,tbd
031517Abl_D,D,wt,Control,CH2,tbd,tbd
031517Abl_D,D,wt,Control,CH3,tbd,tbd
031517Abl_D,D,wt,Control,CH4,tbd,tbd
031517Abl_D,D,wt,Control,CH5,tbd,tbd
032217Abl_F,F,het,Ablated,CH1,DNA,Hoechst
032217Abl_F,F,het,Ablated,CH2,GFP,no.ab
032217Abl_F,F,het,Ablated,CH3,NANOG.rb,af647.rb
032217Abl_F,F,het,Ablated,CH4,BF,NA
032217Abl_F,F,het,Ablated,CH5,GATA6.gt,af568.gt
032217Abl_F,F,wt,Littermate,CH1,DNA,Hoechst
032217Abl_F,F,wt,Littermate,CH2,CDX2.m,af488.m
032217Abl_F,F,wt,Littermate,CH3,NANOG.rb,af647.rb
032217Abl_F,F,wt,Littermate,CH4,BF,NA
032217Abl_F,F,wt,Littermate,CH5,GATA6.gt,af568.gt
032217Abl_F,F,wt,Control,CH1,DNA,Hoechst
032217Abl_F,F,wt,Control,CH2,CDX2.m,af488.m
032217Abl_F,F,wt,Control,CH3,NANOG.rb,af647.rb
032217Abl_F,F,wt,Control,CH4,BF,NA
032217Abl_F,F,wt,Control,CH5,GATA6.gt,af568.gt
032217Abl_G,G,het,Ablated,CH1,DNA,Hoechst
032217Abl_G,G,het,Ablated,CH2,GFP,no.ab
032217Abl_G,G,het,Ablated,CH3,NANOG.rb,af647.rb
032217Abl_G,G,het,Ablated,CH4,BF,NA
032217Abl_G,G,het,Ablated,CH5,GATA6.gt,af568.gt
032217Abl_G,G,wt,Littermate,CH1,DNA,Hoechst
032217Abl_G,G,wt,Littermate,CH2,CDX2.m,af488.m
032217Abl_G,G,wt,Littermate,CH3,NANOG.rb,af647.rb
032217Abl_G,G,wt,Littermate,CH4,BF,NA
032217Abl_G,G,wt,Littermate,CH5,GATA6.gt,af568.gt
032217Abl_G,G,wt,Control,CH1,DNA,Hoechst
032217Abl_G,G,wt,Control,CH2,CDX2.m,af488.m
032217Abl_G,G,wt,Control,CH3,NANOG.rb,af647.rb
032217Abl_G,G,wt,Control,CH4,BF,NA
032217Abl_G,G,wt,Control,CH5,GATA6.gt,af568.gt
032717Abl_K,K,het,Ablated,CH1,DNA,Hoechst
032717Abl_K,K,het,Ablated,CH2,GFP,no.ab
032717Abl_K,K,het,Ablated,CH3,NANOG.rb,af647.rb
032717Abl_K,K,het,Ablated,CH4,BF,NA
032717Abl_K,K,het,Ablated,CH5,GATA6.gt,af568.gt
032717Abl_K,K,wt,Littermate,CH1,DNA,Hoechst
032717Abl_K,K,wt,Littermate,CH2,CDX2.m,af488.m
032717Abl_K,K,wt,Littermate,CH3,NANOG.rb,af647.rb
032717Abl_K,K,wt,Littermate,CH4,BF,NA
032717Abl_K,K,wt,Littermate,CH5,GATA6.gt,af568.gt
032717Abl_L,L,het,Ablated,CH1,DNA,Hoechst
032717Abl_L,L,het,Ablated,CH2,GFP,no.ab
032717Abl_L,L,het,Ablated,CH3,NANOG.rb,af647.rb
032717Abl_L,L,het,Ablated,CH4,BF,NA
032717Abl_L,L,het,Ablated,CH5,GATA6.gt,af568.gt
032717Abl_L,L,wt,Littermate,CH1,DNA,Hoechst
032717Abl_L,L,wt,Littermate,CH2,CDX2.m,af488.m
032717Abl_L,L,wt,Littermate,CH3,NANOG.rb,af647.rb
032717Abl_L,L,wt,Littermate,CH4,BF,NA
032717Abl_L,L,wt,Littermate,CH5,GATA6.gt,af568.gt
032717Abl_MO,MO,het,Ablated,CH1,tbd,tbd
032717Abl_MO,MO,het,Ablated,CH2,tbd,tbd
032717Abl_MO,MO,het,Ablated,CH3,tbd,tbd
032717Abl_MO,MO,het,Ablated,CH4,tbd,tbd
032717Abl_MO,MO,het,Ablated,CH5,tbd,tbd
032717Abl_MO,MO,wt,Littermate,CH1,tbd,tbd
032717Abl_MO,MO,wt,Littermate,CH2,tbd,tbd
032717Abl_MO,MO,wt,Littermate,CH3,tbd,tbd
032717Abl_MO,MO,wt,Littermate,CH4,tbd,tbd
032717Abl_MO,MO,wt,Littermate,CH5,tbd,tbd
032717Abl_MO,MO,het,Control,CH1,tbd,tbd
032717Abl_MO,MO,het,Control,CH2,tbd,tbd
032717Abl_MO,MO,het,Control,CH3,tbd,tbd
032717Abl_MO,MO,het,Control,CH4,tbd,tbd
032717Abl_MO,MO,het,Control,CH5,tbd,tbd
032717Abl_O,O,wt,Littermate,CH1,tbd,tbd
032717Abl_O,O,wt,Littermate,CH2,tbd,tbd
032717Abl_O,O,wt,Littermate,CH3,tbd,tbd
032717Abl_O,O,wt,Littermate,CH4,tbd,tbd
032717Abl_O,O,wt,Littermate,CH5,tbd,tbd
032717Abl_N,N,het,Ablated,CH1,DNA,Hoechst
032717Abl_N,N,het,Ablated,CH2,GFP,no.ab
032717Abl_N,N,het,Ablated,CH3,NANOG.rb,af647.rb
032717Abl_N,N,het,Ablated,CH4,BF,NA
032717Abl_N,N,het,Ablated,CH5,GATA6.gt,af568.gt
032717Abl_N,N,wt,Littermate,CH1,DNA,Hoechst
032717Abl_N,N,wt,Littermate,CH2,CDX2.m,af488.m
032717Abl_N,N,wt,Littermate,CH3,NANOG.rb,af647.rb
032717Abl_N,N,wt,Littermate,CH4,BF,NA
032717Abl_N,N,wt,Littermate,CH5,GATA6.gt,af568.gt
040317Abl_Q,Q,het,Ablated,CH1,DNA,Hoechst
040317Abl_Q,Q,het,Ablated,CH2,GFP,no.ab
040317Abl_Q,Q,het,Ablated,CH3,NANOG.rb,af647.rb
040317Abl_Q,Q,het,Ablated,CH4,BF,NA
040317Abl_Q,Q,het,Ablated,CH5,GATA6.gt,af568.gt
040317Abl_Q,Q,het,Control,CH1,DNA,Hoechst
040317Abl_Q,Q,het,Control,CH2,GFP,no.ab
040317Abl_Q,Q,het,Control,CH3,NANOG.rb,af647.rb
040317Abl_Q,Q,het,Control,CH4,BF,NA
040317Abl_Q,Q,het,Control,CH5,GATA6.gt,af568.gt
040317Abl_Q,Q,wt,Control,CH1,DNA,Hoechst
040317Abl_Q,Q,wt,Control,CH2,CDX2.m,af488.m
040317Abl_Q,Q,wt,Control,CH3,NANOG.rb,af647.rb
040317Abl_Q,Q,wt,Control,CH4,BF,NA
040317Abl_Q,Q,wt,Control,CH5,GATA6.gt,af568.gt
040317Abl_Q,Q,wt,Littermate,CH1,DNA,Hoechst
040317Abl_Q,Q,wt,Littermate,CH2,CDX2.m,af488.m
040317Abl_Q,Q,wt,Littermate,CH3,NANOG.rb,af647.rb
040317Abl_Q,Q,wt,Littermate,CH4,BF,NA
040317Abl_Q,Q,wt,Littermate,CH5,GATA6.gt,af568.gt
040317Abl_R,R,het,Ablated,CH1,DNA,Hoechst
040317Abl_R,R,het,Ablated,CH2,GFP,no.ab
040317Abl_R,R,het,Ablated,CH3,NANOG.rb,af647.rb
040317Abl_R,R,het,Ablated,CH4,BF,NA
040317Abl_R,R,het,Ablated,CH5,GATA6.gt,af568.gt
040317Abl_R,R,het,Control,CH1,DNA,Hoechst
040317Abl_R,R,het,Control,CH2,GFP,no.ab
040317Abl_R,R,het,Control,CH3,NANOG.rb,af647.rb
040317Abl_R,R,het,Control,CH4,BF,NA
040317Abl_R,R,het,Control,CH5,GATA6.gt,af568.gt
040317Abl_R,R,wt,Control,CH1,DNA,Hoechst
040317Abl_R,R,wt,Control,CH2,CDX2.m,af488.m
040317Abl_R,R,wt,Control,CH3,NANOG.rb,af647.rb
040317Abl_R,R,wt,Control,CH4,BF,NA
040317Abl_R,R,wt,Control,CH5,GATA6.gt,af568.gt
040317Abl_R,R,wt,Littermate,CH1,DNA,Hoechst
040317Abl_R,R,wt,Littermate,CH2,CDX2.m,af488.m
040317Abl_R,R,wt,Littermate,CH3,NANOG.rb,af647.rb
040317Abl_R,R,wt,Littermate,CH4,BF,NA
040317Abl_R,R,wt,Littermate,CH5,GATA6.gt,af568.gt
040317Abl_S,S,het,Ablated,CH1,DNA,Hoechst
040317Abl_S,S,het,Ablated,CH2,GFP,no.ab
040317Abl_S,S,het,Ablated,CH3,NANOG.rb,af647.rb
040317Abl_S,S,het,Ablated,CH4,BF,NA
040317Abl_S,S,het,Ablated,CH5,GATA6.gt,af568.gt
040317Abl_S,S,wt,Littermate,CH1,DNA,Hoechst
040317Abl_S,S,wt,Littermate,CH2,CDX2.m,af488.m
040317Abl_S,S,wt,Littermate,CH3,NANOG.rb,af647.rb
040317Abl_S,S,wt,Littermate,CH4,BF,NA
040317Abl_S,S,wt,Littermate,CH5,GATA6.gt,af568.gt
040317Abl_T,T,het,Ablated,CH1,DNA,Hoechst
040317Abl_T,T,het,Ablated,CH2,GFP,no.ab
040317Abl_T,T,het,Ablated,CH3,NANOG.rb,af647.rb
040317Abl_T,T,het,Ablated,CH4,BF,NA
040317Abl_T,T,het,Ablated,CH5,GATA6.gt,af568.gt
040317Abl_T,T,wt,Littermate,CH1,DNA,Hoechst
040317Abl_T,T,wt,Littermate,CH2,CDX2.m,af488.m
040317Abl_T,T,wt,Littermate,CH3,NANOG.rb,af647.rb
040317Abl_T,T,wt,Littermate,CH4,BF,NA
040317Abl_T,T,wt,Littermate,CH5,GATA6.gt,af568.gt
040517Abl_U,U,het,Ablated,CH1,DNA,Hoechst
040517Abl_U,U,het,Ablated,CH2,GFP,no.ab
040517Abl_U,U,het,Ablated,CH3,NANOG.rb,af647.rb
040517Abl_U,U,het,Ablated,CH4,BF,NA
040517Abl_U,U,het,Ablated,CH5,GATA6.gt,af568.gt
040517Abl_U,U,het,Control,CH1,DNA,Hoechst
040517Abl_U,U,het,Control,CH2,GFP,no.ab
040517Abl_U,U,het,Control,CH3,NANOG.rb,af647.rb
040517Abl_U,U,het,Control,CH4,BF,NA
040517Abl_U,U,het,Control,CH5,GATA6.gt,af568.gt
040517Abl_U,U,wt,Littermate,CH1,DNA,Hoechst
040517Abl_U,U,wt,Littermate,CH2,CDX2.m,af488.m
040517Abl_U,U,wt,Littermate,CH3,NANOG.rb,af647.rb
040517Abl_U,U,wt,Littermate,CH4,BF,NA
040517Abl_U,U,wt,Littermate,CH5,GATA6.gt,af568.gt
040517Abl_V,V,het,Ablated,CH1,DNA,Hoechst
040517Abl_V,V,het,Ablated,CH2,GFP,no.ab
040517Abl_V,V,het,Ablated,CH3,NANOG.rb,af647.rb
040517Abl_V,V,het,Ablated,CH4,BF,NA
040517Abl_V,V,het,Ablated,CH5,GATA6.gt,af568.gt
040517Abl_V,V,wt,Control,CH1,DNA,Hoechst
040517Abl_V,V,wt,Control,CH2,CDX2.m,af488.m
040517Abl_V,V,wt,Control,CH3,NANOG.rb,af647.rb
040517Abl_V,V,wt,Control,CH4,BF,NA
040517Abl_V,V,wt,Control,CH5,GATA6.gt,af568.gt
040517Abl_V,V,wt,Littermate,CH1,DNA,Hoechst
040517Abl_V,V,wt,Littermate,CH2,CDX2.m,af488.m
040517Abl_V,V,wt,Littermate,CH3,NANOG.rb,af647.rb
040517Abl_V,V,wt,Littermate,CH4,BF,NA
040517Abl_V,V,wt,Littermate,CH5,GATA6.gt,af568.gt
041117Abl_W,W,het,Ablated,CH1,DNA,Hoechst
041117Abl_W,W,het,Ablated,CH2,GFP,no.ab
041117Abl_W,W,het,Ablated,CH3,NANOG.rb,af647.rb
041117Abl_W,W,het,Ablated,CH4,BF,NA
041117Abl_W,W,het,Ablated,CH5,GATA6.gt,af568.gt
041117Abl_W,W,wt,Control,CH1,DNA,Hoechst
041117Abl_W,W,wt,Control,CH2,CDX2.m,af488.m
041117Abl_W,W,wt,Control,CH3,NANOG.rb,af647.rb
041117Abl_W,W,wt,Control,CH4,BF,NA
041117Abl_W,W,wt,Control,CH5,GATA6.gt,af568.gt
041117Abl_W,W,wt,Littermate,CH1,DNA,Hoechst
041117Abl_W,W,wt,Littermate,CH2,CDX2.m,af488.m
041117Abl_W,W,wt,Littermate,CH3,NANOG.rb,af647.rb
041117Abl_W,W,wt,Littermate,CH4,BF,NA
041117Abl_W,W,wt,Littermate,CH5,GATA6.gt,af568.gt
041117Abl_X,X,het,Ablated,CH1,DNA,Hoechst
041117Abl_X,X,het,Ablated,CH2,GFP,no.ab
041117Abl_X,X,het,Ablated,CH3,NANOG.rb,af647.rb
041117Abl_X,X,het,Ablated,CH4,BF,NA
041117Abl_X,X,het,Ablated,CH5,GATA6.gt,af568.gt
041117Abl_X,X,wt,Control,CH1,DNA,Hoechst
041117Abl_X,X,wt,Control,CH2,CDX2.m,af488.m
041117Abl_X,X,wt,Control,CH3,NANOG.rb,af647.rb
041117Abl_X,X,wt,Control,CH4,BF,NA
041117Abl_X,X,wt,Control,CH5,GATA6.gt,af568.gt
041117Abl_X,X,wt,Littermate,CH1,DNA,Hoechst
041117Abl_X,X,wt,Littermate,CH2,CDX2.m,af488.m
041117Abl_X,X,wt,Littermate,CH3,NANOG.rb,af647.rb
041117Abl_X,X,wt,Littermate,CH4,BF,NA
041117Abl_X,X,wt,Littermate,CH5,GATA6.gt,af568.gt
041117Abl_Y,Y,het,Ablated,CH1,DNA,Hoechst
041117Abl_Y,Y,het,Ablated,CH2,GFP,no.ab
041117Abl_Y,Y,het,Ablated,CH3,NANOG.rb,af647.rb
041117Abl_Y,Y,het,Ablated,CH4,BF,NA
041117Abl_Y,Y,het,Ablated,CH5,GATA6.gt,af568.gt
041117Abl_Y,Y,wt,Control,CH1,DNA,Hoechst
041117Abl_Y,Y,wt,Control,CH2,CDX2.m,af488.m
041117Abl_Y,Y,wt,Control,CH3,NANOG.rb,af647.rb
041117Abl_Y,Y,wt,Control,CH4,BF,NA
041117Abl_Y,Y,wt,Control,CH5,GATA6.gt,af568.gt
041117Abl_Y,Y,wt,Littermate,CH1,DNA,Hoechst
041117Abl_Y,Y,wt,Littermate,CH2,CDX2.m,af488.m
041117Abl_Y,Y,wt,Littermate,CH3,NANOG.rb,af647.rb
041117Abl_Y,Y,wt,Littermate,CH4,BF,NA
041117Abl_Y,Y,wt,Littermate,CH5,GATA6.gt,af568.gt
041117Abl_Z,Z,het,Ablated,CH1,DNA,Hoechst
041117Abl_Z,Z,het,Ablated,CH2,GFP,no.ab
041117Abl_Z,Z,het,Ablated,CH3,NANOG.rb,af647.rb
041117Abl_Z,Z,het,Ablated,CH4,BF,NA
041117Abl_Z,Z,het,Ablated,CH5,GATA6.gt,af568.gt
041117Abl_Z,Z,wt,Control,CH1,DNA,Hoechst
041117Abl_Z,Z,wt,Control,CH2,CDX2.m,af488.m
041117Abl_Z,Z,wt,Control,CH3,NANOG.rb,af647.rb
041117Abl_Z,Z,wt,Control,CH4,BF,NA
041117Abl_Z,Z,wt,Control,CH5,GATA6.gt,af568.gt
041117Abl_Z,Z,wt,Littermate,CH1,DNA,Hoechst
041117Abl_Z,Z,wt,Littermate,CH2,CDX2.m,af488.m
041117Abl_Z,Z,wt,Littermate,CH3,NANOG.rb,af647.rb
041117Abl_Z,Z,wt,Littermate,CH4,BF,NA
041117Abl_Z,Z,wt,Littermate,CH5,GATA6.gt,af568.gt
062317Abl_AO,AO,het,Ablated,CH1,DNA,Hoechst
062317Abl_AO,AO,het,Ablated,CH2,GFP,no.ab
062317Abl_AO,AO,het,Ablated,CH3,NANOG.rb,af647.rb
062317Abl_AO,AO,het,Ablated,CH4,BF,NA
062317Abl_AO,AO,het,Ablated,CH5,GATA6.gt,af568.gt
062317Abl_AO,AO,het,Control,CH1,DNA,Hoechst
062317Abl_AO,AO,het,Control,CH2,GFP,no.ab
062317Abl_AO,AO,het,Control,CH3,NANOG.rb,af647.rb
062317Abl_AO,AO,het,Control,CH4,BF,NA
062317Abl_AO,AO,het,Control,CH5,GATA6.gt,af568.gt
062317Abl_AO,AO,wt,Littermate,CH1,DNA,Hoechst
062317Abl_AO,AO,wt,Littermate,CH2,CDX2.m,af488.m
062317Abl_AO,AO,wt,Littermate,CH3,NANOG.rb,af647.rb
062317Abl_AO,AO,wt,Littermate,CH4,BF,NA
062317Abl_AO,AO,wt,Littermate,CH5,GATA6.gt,af568.gt
062317Abl_AP,AP,het,Ablated,CH1,DNA,Hoechst
062317Abl_AP,AP,het,Ablated,CH2,GFP,no.ab
062317Abl_AP,AP,het,Ablated,CH3,NANOG.rb,af647.rb
062317Abl_AP,AP,het,Ablated,CH4,BF,NA
062317Abl_AP,AP,het,Ablated,CH5,GATA6.gt,af568.gt
062317Abl_AP,AP,het,Control,CH1,DNA,Hoechst
062317Abl_AP,AP,het,Control,CH2,GFP,no.ab
062317Abl_AP,AP,het,Control,CH3,NANOG.rb,af647.rb
062317Abl_AP,AP,het,Control,CH4,BF,NA
062317Abl_AP,AP,het,Control,CH5,GATA6.gt,af568.gt
062317Abl_AP,AP,wt,Littermate,CH1,DNA,Hoechst
062317Abl_AP,AP,wt,Littermate,CH2,CDX2.m,af488.m
062317Abl_AP,AP,wt,Littermate,CH3,NANOG.rb,af647.rb
062317Abl_AP,AP,wt,Littermate,CH4,BF,NA
062317Abl_AP,AP,wt,Littermate,CH5,GATA6.gt,af568.gt
062817Abl_AQ,AQ,het,Ablated,CH1,DNA,Hoechst
062817Abl_AQ,AQ,het,Ablated,CH2,GFP,no.ab
062817Abl_AQ,AQ,het,Ablated,CH3,NANOG.rb,af647.rb
062817Abl_AQ,AQ,het,Ablated,CH4,BF,NA
062817Abl_AQ,AQ,het,Ablated,CH5,GATA6.gt,af568.gt
062817Abl_AQ,AQ,wt,Control,CH1,DNA,Hoechst
062817Abl_AQ,AQ,wt,Control,CH2,CDX2.m,af488.m
062817Abl_AQ,AQ,wt,Control,CH3,NANOG.rb,af647.rb
062817Abl_AQ,AQ,wt,Control,CH4,BF,NA
062817Abl_AQ,AQ,wt,Control,CH5,GATA6.gt,af568.gt
062817Abl_AQ,AQ,wt,Littermate,CH1,DNA,Hoechst
062817Abl_AQ,AQ,wt,Littermate,CH2,CDX2.m,af488.m
062817Abl_AQ,AQ,wt,Littermate,CH3,NANOG.rb,af647.rb
062817Abl_AQ,AQ,wt,Littermate,CH4,BF,NA
062817Abl_AQ,AQ,wt,Littermate,CH5,GATA6.gt,af568.gt
062817Abl_AR,AR,het,Ablated,CH1,DNA,Hoechst
062817Abl_AR,AR,het,Ablated,CH2,GFP,no.ab
062817Abl_AR,AR,het,Ablated,CH3,NANOG.rb,af647.rb
062817Abl_AR,AR,het,Ablated,CH4,BF,NA
062817Abl_AR,AR,het,Ablated,CH5,GATA6.gt,af568.gt
062817Abl_AR,AR,het,Control,CH1,DNA,Hoechst
062817Abl_AR,AR,het,Control,CH2,GFP,no.ab
062817Abl_AR,AR,het,Control,CH3,NANOG.rb,af647.rb
062817Abl_AR,AR,het,Control,CH4,BF,NA
062817Abl_AR,AR,het,Control,CH5,GATA6.gt,af568.gt
062817Abl_AR,AR,wt,Control,CH1,DNA,Hoechst
062817Abl_AR,AR,wt,Control,CH2,CDX2.m,af488.m
062817Abl_AR,AR,wt,Control,CH3,NANOG.rb,af647.rb
062817Abl_AR,AR,wt,Control,CH4,BF,NA
062817Abl_AR,AR,wt,Control,CH5,GATA6.gt,af568.gt
062817Abl_AR,AR,wt,Littermate,CH1,DNA,Hoechst
062817Abl_AR,AR,wt,Littermate,CH2,CDX2.m,af488.m
062817Abl_AR,AR,wt,Littermate,CH3,NANOG.rb,af647.rb
062817Abl_AR,AR,wt,Littermate,CH4,BF,NA
062817Abl_AR,AR,wt,Littermate,CH5,GATA6.gt,af568.gt
062817Abl_AS,AS,het,Ablated,CH1,DNA,Hoechst
062817Abl_AS,AS,het,Ablated,CH2,GFP,no.ab
062817Abl_AS,AS,het,Ablated,CH3,NANOG.rb,af647.rb
062817Abl_AS,AS,het,Ablated,CH4,BF,NA
062817Abl_AS,AS,het,Ablated,CH5,GATA6.gt,af568.gt
062817Abl_AS,AS,wt,Control,CH1,DNA,Hoechst
062817Abl_AS,AS,wt,Control,CH2,CDX2.m,af488.m
062817Abl_AS,AS,wt,Control,CH3,NANOG.rb,af647.rb
062817Abl_AS,AS,wt,Control,CH4,BF,NA
062817Abl_AS,AS,wt,Control,CH5,GATA6.gt,af568.gt
062817Abl_AS,AS,wt,Littermate,CH1,DNA,Hoechst
062817Abl_AS,AS,wt,Littermate,CH2,CDX2.m,af488.m
062817Abl_AS,AS,wt,Littermate,CH3,NANOG.rb,af647.rb
062817Abl_AS,AS,wt,Littermate,CH4,BF,NA
062817Abl_AS,AS,wt,Littermate,CH5,GATA6.gt,af568.gt
071217Abl_AV,AV,het,Ablated,CH1,DNA,Hoechst
071217Abl_AV,AV,het,Ablated,CH2,GFP,no.ab
071217Abl_AV,AV,het,Ablated,CH3,NANOG.rb,af647.rb
071217Abl_AV,AV,het,Ablated,CH4,BF,NA
071217Abl_AV,AV,het,Ablated,CH5,GATA6.gt,af568.gt
071217Abl_AV,AV,wt,Control,CH1,DNA,Hoechst
071217Abl_AV,AV,wt,Control,CH2,CDX2.m,af488.m
071217Abl_AV,AV,wt,Control,CH3,NANOG.rb,af647.rb
071217Abl_AV,AV,wt,Control,CH4,BF,NA
071217Abl_AV,AV,wt,Control,CH5,GATA6.gt,af568.gt
071217Abl_AV,AV,wt,Littermate,CH1,DNA,Hoechst
071217Abl_AV,AV,wt,Littermate,CH2,CDX2.m,af488.m
071217Abl_AV,AV,wt,Littermate,CH3,NANOG.rb,af647.rb
071217Abl_AV,AV,wt,Littermate,CH4,BF,NA
071217Abl_AV,AV,wt,Littermate,CH5,GATA6.gt,af568.gt
072517Abl_AW,AW,het,Ablated,CH1,DNA,Hoechst
072517Abl_AW,AW,het,Ablated,CH2,GFP,no.ab
072517Abl_AW,AW,het,Ablated,CH3,NANOG.rb,af647.rb
072517Abl_AW,AW,het,Ablated,CH4,BF,NA
072517Abl_AW,AW,het,Ablated,CH5,GATA6.gt,af568.gt
072517Abl_AW,AW,wt,Control,CH1,DNA,Hoechst
072517Abl_AW,AW,wt,Control,CH2,CDX2.m,af488.m
072517Abl_AW,AW,wt,Control,CH3,NANOG.rb,af647.rb
072517Abl_AW,AW,wt,Control,CH4,BF,NA
072517Abl_AW,AW,wt,Control,CH5,GATA6.gt,af568.gt
072517Abl_AW,AW,wt,Littermate,CH1,DNA,Hoechst
072517Abl_AW,AW,wt,Littermate,CH2,CDX2.m,af488.m
072517Abl_AW,AW,wt,Littermate,CH3,NANOG.rb,af647.rb
072517Abl_AW,AW,wt,Littermate,CH4,BF,NA
072517Abl_AW,AW,wt,Littermate,CH5,GATA6.gt,af568.gt
072517Abl_AX,AX,het,Ablated,CH1,DNA,Hoechst
072517Abl_AX,AX,het,Ablated,CH2,GFP,no.ab
072517Abl_AX,AX,het,Ablated,CH3,NANOG.rb,af647.rb
072517Abl_AX,AX,het,Ablated,CH4,BF,NA
072517Abl_AX,AX,het,Ablated,CH5,GATA6.gt,af568.gt
072517Abl_AX,AX,het,Control,CH1,DNA,Hoechst
072517Abl_AX,AX,het,Control,CH2,GFP,no.ab
072517Abl_AX,AX,het,Control,CH3,NANOG.rb,af647.rb
072517Abl_AX,AX,het,Control,CH4,BF,NA
072517Abl_AX,AX,het,Control,CH5,GATA6.gt,af568.gt
072517Abl_AX,AX,wt,Littermate,CH1,DNA,Hoechst
072517Abl_AX,AX,wt,Littermate,CH2,CDX2.m,af488.m
072517Abl_AX,AX,wt,Littermate,CH3,NANOG.rb,af647.rb
072517Abl_AX,AX,wt,Littermate,CH4,BF,NA
072517Abl_AX,AX,wt,Littermate,CH5,GATA6.gt,af568.gt
072817Abl_AY,AY,het,Ablated,CH1,DNA,Hoechst
072817Abl_AY,AY,het,Ablated,CH2,GFP,no.ab
072817Abl_AY,AY,het,Ablated,CH3,NANOG.rb,af647.rb
072817Abl_AY,AY,het,Ablated,CH4,BF,NA
072817Abl_AY,AY,het,Ablated,CH5,GATA6.gt,af568.gt
072817Abl_AY,AY,het,Control,CH1,DNA,Hoechst
072817Abl_AY,AY,het,Control,CH2,GFP,no.ab
072817Abl_AY,AY,het,Control,CH3,NANOG.rb,af647.rb
072817Abl_AY,AY,het,Control,CH4,BF,NA
072817Abl_AY,AY,het,Control,CH5,GATA6.gt,af568.gt
072817Abl_AY,AY,wt,Littermate,CH1,DNA,Hoechst
072817Abl_AY,AY,wt,Littermate,CH2,CDX2.m,af488.m
072817Abl_AY,AY,wt,Littermate,CH3,NANOG.rb,af647.rb
072817Abl_AY,AY,wt,Littermate,CH4,BF,NA
072817Abl_AY,AY,wt,Littermate,CH5,GATA6.gt,af568.gt
072817Abl_AZ,AZ,het,Ablated,CH1,DNA,Hoechst
072817Abl_AZ,AZ,het,Ablated,CH2,GFP,no.ab
072817Abl_AZ,AZ,het,Ablated,CH3,NANOG.rb,af647.rb
072817Abl_AZ,AZ,het,Ablated,CH4,BF,NA
072817Abl_AZ,AZ,het,Ablated,CH5,GATA6.gt,af568.gt
072817Abl_AZ,AZ,wt,Control,CH1,DNA,Hoechst
072817Abl_AZ,AZ,wt,Control,CH2,CDX2.m,af488.m
072817Abl_AZ,AZ,wt,Control,CH3,NANOG.rb,af647.rb
072817Abl_AZ,AZ,wt,Control,CH4,BF,NA
072817Abl_AZ,AZ,wt,Control,CH5,GATA6.gt,af568.gt
072817Abl_AZ,AZ,wt,Littermate,CH1,DNA,Hoechst
072817Abl_AZ,AZ,wt,Littermate,CH2,CDX2.m,af488.m
072817Abl_AZ,AZ,wt,Littermate,CH3,NANOG.rb,af647.rb
072817Abl_AZ,AZ,wt,Littermate,CH4,BF,NA
072817Abl_AZ,AZ,wt,Littermate,CH5,GATA6.gt,af568.gt
080117Abl_BA,BA,het,Ablated,CH1,DNA,Hoechst
080117Abl_BA,BA,het,Ablated,CH2,GFP,no.ab
080117Abl_BA,BA,het,Ablated,CH3,NANOG.rb,af647.rb
080117Abl_BA,BA,het,Ablated,CH4,BF,NA
080117Abl_BA,BA,het,Ablated,CH5,GATA6.gt,af568.gt
080117Abl_BA,BA,het,Control,CH1,DNA,Hoechst
080117Abl_BA,BA,het,Control,CH2,GFP,no.ab
080117Abl_BA,BA,het,Control,CH3,NANOG.rb,af647.rb
080117Abl_BA,BA,het,Control,CH4,BF,NA
080117Abl_BA,BA,het,Control,CH5,GATA6.gt,af568.gt
080117Abl_BA,BA,wt,Littermate,CH1,DNA,Hoechst
080117Abl_BA,BA,wt,Littermate,CH2,CDX2.m,af488.m
080117Abl_BA,BA,wt,Littermate,CH3,NANOG.rb,af647.rb
080117Abl_BA,BA,wt,Littermate,CH4,BF,NA
080117Abl_BA,BA,wt,Littermate,CH5,GATA6.gt,af568.gt
080117Abl_BB,BB,het,Ablated,CH1,DNA,Hoechst
080117Abl_BB,BB,het,Ablated,CH2,GFP,no.ab
080117Abl_BB,BB,het,Ablated,CH3,NANOG.rb,af647.rb
080117Abl_BB,BB,het,Ablated,CH4,BF,NA
080117Abl_BB,BB,het,Ablated,CH5,GATA6.gt,af568.gt
080117Abl_BB,BB,het,Control,CH1,DNA,Hoechst
080117Abl_BB,BB,het,Control,CH2,GFP,no.ab
080117Abl_BB,BB,het,Control,CH3,NANOG.rb,af647.rb
080117Abl_BB,BB,het,Control,CH4,BF,NA
080117Abl_BB,BB,het,Control,CH5,GATA6.gt,af568.gt
080117Abl_BB,BB,wt,Littermate,CH1,DNA,Hoechst
080117Abl_BB,BB,wt,Littermate,CH2,CDX2.m,af488.m
080117Abl_BB,BB,wt,Littermate,CH3,NANOG.rb,af647.rb
080117Abl_BB,BB,wt,Littermate,CH4,BF,NA
080117Abl_BB,BB,wt,Littermate,CH5,GATA6.gt,af568.gt
080117Abl_BC,BC,het,Ablated,CH1,DNA,Hoechst
080117Abl_BC,BC,het,Ablated,CH2,GFP,no.ab
080117Abl_BC,BC,het,Ablated,CH3,NANOG.rb,af647.rb
080117Abl_BC,BC,het,Ablated,CH4,BF,NA
080117Abl_BC,BC,het,Ablated,CH5,GATA6.gt,af568.gt
080117Abl_BC,BC,het,Control,CH1,DNA,Hoechst
080117Abl_BC,BC,het,Control,CH2,GFP,no.ab
080117Abl_BC,BC,het,Control,CH3,NANOG.rb,af647.rb
080117Abl_BC,BC,het,Control,CH4,BF,NA
080117Abl_BC,BC,het,Control,CH5,GATA6.gt,af568.gt
080117Abl_BC,BC,wt,Control,CH1,DNA,Hoechst
080117Abl_BC,BC,wt,Control,CH2,CDX2.m,af488.m
080117Abl_BC,BC,wt,Control,CH3,NANOG.rb,af647.rb
080117Abl_BC,BC,wt,Control,CH4,BF,NA
080117Abl_BC,BC,wt,Control,CH5,GATA6.gt,af568.gt
080117Abl_BC,BC,wt,Littermate,CH1,DNA,Hoechst
080117Abl_BC,BC,wt,Littermate,CH2,CDX2.m,af488.m
080117Abl_BC,BC,wt,Littermate,CH3,NANOG.rb,af647.rb
080117Abl_BC,BC,wt,Littermate,CH4,BF,NA
080117Abl_BC,BC,wt,Littermate,CH5,GATA6.gt,af568.gt
080117Abl_BD,BD,het,Ablated,CH1,DNA,Hoechst
080117Abl_BD,BD,het,Ablated,CH2,GFP,no.ab
080117Abl_BD,BD,het,Ablated,CH3,NANOG.rb,af647.rb
080117Abl_BD,BD,het,Ablated,CH4,BF,NA
080117Abl_BD,BD,het,Ablated,CH5,GATA6.gt,af568.gt
080117Abl_BD,BD,het,Control,CH1,DNA,Hoechst
080117Abl_BD,BD,het,Control,CH2,GFP,no.ab
080117Abl_BD,BD,het,Control,CH3,NANOG.rb,af647.rb
080117Abl_BD,BD,het,Control,CH4,BF,NA
080117Abl_BD,BD,het,Control,CH5,GATA6.gt,af568.gt
080117Abl_BD,BD,wt,Littermate,CH1,DNA,Hoechst
080117Abl_BD,BD,wt,Littermate,CH2,CDX2.m,af488.m
080117Abl_BD,BD,wt,Littermate,CH3,NANOG.rb,af647.rb
080117Abl_BD,BD,wt,Littermate,CH4,BF,NA
080117Abl_BD,BD,wt,Littermate,CH5,GATA6.gt,af568.gt
080217Abl_BF,BF,het,Ablated,CH1,DNA,Hoechst
080217Abl_BF,BF,het,Ablated,CH2,GFP,no.ab
080217Abl_BF,BF,het,Ablated,CH3,NANOG.rb,af647.rb
080217Abl_BF,BF,het,Ablated,CH4,BF,NA
080217Abl_BF,BF,het,Ablated,CH5,GATA6.gt,af568.gt
080217Abl_BF,BF,het,Control,CH1,DNA,Hoechst
080217Abl_BF,BF,het,Control,CH2,GFP,no.ab
080217Abl_BF,BF,het,Control,CH3,NANOG.rb,af647.rb
080217Abl_BF,BF,het,Control,CH4,BF,NA
080217Abl_BF,BF,het,Control,CH5,GATA6.gt,af568.gt
080217Abl_BF,BF,wt,Littermate,CH1,DNA,Hoechst
080217Abl_BF,BF,wt,Littermate,CH2,CDX2.m,af488.m
080217Abl_BF,BF,wt,Littermate,CH3,NANOG.rb,af647.rb
080217Abl_BF,BF,wt,Littermate,CH4,BF,NA
080217Abl_BF,BF,wt,Littermate,CH5,GATA6.gt,af568.gt
080217Abl_BG,BG,het,Ablated,CH1,DNA,Hoechst
080217Abl_BG,BG,het,Ablated,CH2,GFP,no.ab
080217Abl_BG,BG,het,Ablated,CH3,NANOG.rb,af647.rb
080217Abl_BG,BG,het,Ablated,CH4,BF,NA
080217Abl_BG,BG,het,Ablated,CH5,GATA6.gt,af568.gt
080217Abl_BG,BG,het,Control,CH1,DNA,Hoechst
080217Abl_BG,BG,het,Control,CH2,GFP,no.ab
080217Abl_BG,BG,het,Control,CH3,NANOG.rb,af647.rb
080217Abl_BG,BG,het,Control,CH4,BF,NA
080217Abl_BG,BG,het,Control,CH5,GATA6.gt,af568.gt
080217Abl_BG,BG,wt,Littermate,CH1,DNA,Hoechst
080217Abl_BG,BG,wt,Littermate,CH2,CDX2.m,af488.m
080217Abl_BG,BG,wt,Littermate,CH3,NANOG.rb,af647.rb
080217Abl_BG,BG,wt,Littermate,CH4,BF,NA
080217Abl_BG,BG,wt,Littermate,CH5,GATA6.gt,af568.gt
081417Abl_BH,BH,het,Ablated,CH1,DNA,Hoechst
081417Abl_BH,BH,het,Ablated,CH2,GFP,no.ab
081417Abl_BH,BH,het,Ablated,CH3,NANOG.rb,af647.rb
081417Abl_BH,BH,het,Ablated,CH4,BF,NA
081417Abl_BH,BH,het,Ablated,CH5,GATA6.gt,af568.gt
081417Abl_BH,BH,het,Control,CH1,DNA,Hoechst
081417Abl_BH,BH,het,Control,CH2,GFP,no.ab
081417Abl_BH,BH,het,Control,CH3,NANOG.rb,af647.rb
081417Abl_BH,BH,het,Control,CH4,BF,NA
081417Abl_BH,BH,het,Control,CH5,GATA6.gt,af568.gt
081417Abl_BH,BH,wt,Littermate,CH1,DNA,Hoechst
081417Abl_BH,BH,wt,Littermate,CH2,CDX2.m,af488.m
081417Abl_BH,BH,wt,Littermate,CH3,NANOG.rb,af647.rb
081417Abl_BH,BH,wt,Littermate,CH4,BF,NA
081417Abl_BH,BH,wt,Littermate,CH5,GATA6.gt,af568.gt
081517Abl_BJ,BJ,het,Ablated,CH1,DNA,Hoechst
081517Abl_BJ,BJ,het,Ablated,CH2,GFP,no.ab
081517Abl_BJ,BJ,het,Ablated,CH3,Casp3.rb,af647.rb
081517Abl_BJ,BJ,het,Ablated,CH4,BF,NA
081517Abl_BJ,BJ,het,Ablated,CH5,SOX17.gt,af568.gt
081517Abl_BJ,BJ,het,Control,CH1,DNA,Hoechst
081517Abl_BJ,BJ,het,Control,CH2,GFP,no.ab
081517Abl_BJ,BJ,het,Control,CH3,Casp3.rb,af647.rb
081517Abl_BJ,BJ,het,Control,CH4,BF,NA
081517Abl_BJ,BJ,het,Control,CH5,SOX17.gt,af568.gt
081517Abl_BJ,BJ,het,Littermate,CH1,DNA,Hoechst
081517Abl_BJ,BJ,het,Littermate,CH2,GFP,no.ab
081517Abl_BJ,BJ,het,Littermate,CH3,Casp3.rb,af647.rb
081517Abl_BJ,BJ,het,Littermate,CH4,BF,NA
081517Abl_BJ,BJ,het,Littermate,CH5,SOX17.gt,af568.gt
081517Abl_BJ,BJ,wt,Littermate,CH1,DNA,Hoechst
081517Abl_BJ,BJ,wt,Littermate,CH2,NANOG.rat,af488.rat
081517Abl_BJ,BJ,wt,Littermate,CH3,Casp3.rb,af647.rb
081517Abl_BJ,BJ,wt,Littermate,CH4,BF,NA
081517Abl_BJ,BJ,wt,Littermate,CH5,SOX17.gt,af568.gt
081517Abl_BK,BK,het,Ablated,CH1,DNA,Hoechst
081517Abl_BK,BK,het,Ablated,CH2,GFP,no.ab
081517Abl_BK,BK,het,Ablated,CH3,NANOG.rb,af647.rb
081517Abl_BK,BK,het,Ablated,CH4,BF,NA
081517Abl_BK,BK,het,Ablated,CH5,GATA6.gt,af568.gt
081517Abl_BK,BK,het,Control,CH1,DNA,Hoechst
081517Abl_BK,BK,het,Control,CH2,GFP,no.ab
081517Abl_BK,BK,het,Control,CH3,NANOG.rb,af647.rb
081517Abl_BK,BK,het,Control,CH4,BF,NA
081517Abl_BK,BK,het,Control,CH5,GATA6.gt,af568.gt
081517Abl_BK,BK,wt,Littermate,CH1,DNA,Hoechst
081517Abl_BK,BK,wt,Littermate,CH2,CDX2.m,af488.m
081517Abl_BK,BK,wt,Littermate,CH3,NANOG.rb,af647.rb
081517Abl_BK,BK,wt,Littermate,CH4,BF,NA
081517Abl_BK,BK,wt,Littermate,CH5,GATA6.gt,af568.gt
081517Abl_BL,BL,het,Ablated,CH1,DNA,Hoechst
081517Abl_BL,BL,het,Ablated,CH2,GFP,no.ab
081517Abl_BL,BL,het,Ablated,CH3,Casp3.rb,af647.rb
081517Abl_BL,BL,het,Ablated,CH4,BF,NA
081517Abl_BL,BL,het,Ablated,CH5,SOX17.gt,af568.gt
081517Abl_BL,BL,het,Control,CH1,DNA,Hoechst
081517Abl_BL,BL,het,Control,CH2,GFP,no.ab
081517Abl_BL,BL,het,Control,CH3,Casp3.rb,af647.rb
081517Abl_BL,BL,het,Control,CH4,BF,NA
081517Abl_BL,BL,het,Control,CH5,SOX17.gt,af568.gt
081517Abl_BL,BL,wt,Littermate,CH1,DNA,Hoechst
081517Abl_BL,BL,wt,Littermate,CH2,NANOG.rat,af488.rat
081517Abl_BL,BL,wt,Littermate,CH3,Casp3.rb,af647.rb
081517Abl_BL,BL,wt,Littermate,CH4,BF,NA
081517Abl_BL,BL,wt,Littermate,CH5,SOX17.gt,af568.gt
092717Abl_BU,BU,het,Ablated,CH1,DNA,Hoechst
092717Abl_BU,BU,het,Ablated,CH2,GFP,no.ab
092717Abl_BU,BU,het,Ablated,CH3,Casp3.rb,af647.rb
092717Abl_BU,BU,het,Ablated,CH4,BF,NA
092717Abl_BU,BU,het,Ablated,CH5,SOX17.gt,af568.gt
092717Abl_BU,BU,het,Control,CH1,DNA,Hoechst
092717Abl_BU,BU,het,Control,CH2,GFP,no.ab
092717Abl_BU,BU,het,Control,CH3,Casp3.rb,af647.rb
092717Abl_BU,BU,het,Control,CH4,BF,NA
092717Abl_BU,BU,het,Control,CH5,SOX17.gt,af568.gt
092717Abl_BU,BU,wt,Littermate,CH1,DNA,Hoechst
092717Abl_BU,BU,wt,Littermate,CH2,NANOG.rat,af488.rat
092717Abl_BU,BU,wt,Littermate,CH3,Casp3.rb,af647.rb
092717Abl_BU,BU,wt,Littermate,CH4,BF,NA
092717Abl_BU,BU,wt,Littermate,CH5,SOX17.gt,af568.gt
110817Abl_BY,BY,het,Ablated,CH1,DNA,Hoechst
110817Abl_BY,BY,het,Ablated,CH2,GFP,no.ab
110817Abl_BY,BY,het,Ablated,CH3,NANOG.rb,af647.rb
110817Abl_BY,BY,het,Ablated,CH4,BF,NA
110817Abl_BY,BY,het,Ablated,CH5,GATA6.gt,af568.gt
110817Abl_BY,BY,wt,Littermate,CH1,DNA,Hoechst
110817Abl_BY,BY,wt,Littermate,CH2,NANOG.rat,af488.rat
110817Abl_BY,BY,wt,Littermate,CH3,GATA4.rb,af647.rb
110817Abl_BY,BY,wt,Littermate,CH4,BF,NA
110817Abl_BY,BY,wt,Littermate,CH5,GATA6.gt,af568.gt
121917Abl_CD,CD,het,Test,CH1,DNA,Hoechst
121917Abl_CD,CD,het,Test,CH2,GFP,no.ab
121917Abl_CD,CD,het,Test,CH3,NANOG.rb,af647.rb
121917Abl_CD,CD,het,Test,CH4,BF,NA
121917Abl_CD,CD,het,Test,CH5,GATA6.gt,af568.gt
121917Abl_CD,CD,het,Ablated,CH1,DNA,Hoechst
121917Abl_CD,CD,het,Ablated,CH2,GFP,no.ab
121917Abl_CD,CD,het,Ablated,CH3,NANOG.rb,af647.rb
121917Abl_CD,CD,het,Ablated,CH4,BF,NA
121917Abl_CD,CD,het,Ablated,CH5,GATA6.gt,af568.gt
121917Abl_CD,CD,het,Control,CH1,DNA,Hoechst
121917Abl_CD,CD,het,Control,CH2,GFP,no.ab
121917Abl_CD,CD,het,Control,CH3,NANOG.rb,af647.rb
121917Abl_CD,CD,het,Control,CH4,BF,NA
121917Abl_CD,CD,het,Control,CH5,GATA6.gt,af568.gt
121917Abl_CD,CD,wt,Littermate,CH1,DNA,Hoechst
121917Abl_CD,CD,wt,Littermate,CH2,NANOG.rat,af488.rat
121917Abl_CD,CD,wt,Littermate,CH3,GATA4.rb,af647.rb
121917Abl_CD,CD,wt,Littermate,CH4,BF,NA
121917Abl_CD,CD,wt,Littermate,CH5,GATA6.gt,af568.gt
121917Abl_CE,CE,het,Ablated,CH1,DNA,Hoechst
121917Abl_CE,CE,het,Ablated,CH2,GFP,no.ab
121917Abl_CE,CE,het,Ablated,CH3,NANOG.rb,af647.rb
121917Abl_CE,CE,het,Ablated,CH4,BF,NA
121917Abl_CE,CE,het,Ablated,CH5,GATA6.gt,af568.gt
121917Abl_CE,CE,het,Control,CH1,DNA,Hoechst
121917Abl_CE,CE,het,Control,CH2,GFP,no.ab
121917Abl_CE,CE,het,Control,CH3,NANOG.rb,af647.rb
121917Abl_CE,CE,het,Control,CH4,BF,NA
121917Abl_CE,CE,het,Control,CH5,GATA6.gt,af568.gt
121917Abl_CE,CE,wt,Littermate,CH1,DNA,Hoechst
121917Abl_CE,CE,wt,Littermate,CH2,NANOG.rat,af488.rat
121917Abl_CE,CE,wt,Littermate,CH3,GATA4.rb,af647.rb
121917Abl_CE,CE,wt,Littermate,CH4,BF,NA
121917Abl_CE,CE,wt,Littermate,CH5,GATA6.gt,af568.gt
122617Abl_CF,CF,het,Test,CH1,DNA,Hoechst
122617Abl_CF,CF,het,Test,CH2,GFP,no.ab
122617Abl_CF,CF,het,Test,CH3,NANOG.rb,af647.rb
122617Abl_CF,CF,het,Test,CH4,BF,NA
122617Abl_CF,CF,het,Test,CH5,GATA6.gt,af568.gt
122617Abl_CF,CF,het,Ablated,CH1,DNA,Hoechst
122617Abl_CF,CF,het,Ablated,CH2,GFP,no.ab
122617Abl_CF,CF,het,Ablated,CH3,NANOG.rb,af647.rb
122617Abl_CF,CF,het,Ablated,CH4,BF,NA
122617Abl_CF,CF,het,Ablated,CH5,GATA6.gt,af568.gt
122617Abl_CF,CF,het,Control,CH1,DNA,Hoechst
122617Abl_CF,CF,het,Control,CH2,GFP,no.ab
122617Abl_CF,CF,het,Control,CH3,NANOG.rb,af647.rb
122617Abl_CF,CF,het,Control,CH4,BF,NA
122617Abl_CF,CF,het,Control,CH5,GATA6.gt,af568.gt
122617Abl_CF,CF,wt,Littermate,CH1,DNA,Hoechst
122617Abl_CF,CF,wt,Littermate,CH2,NANOG.rat,af488.rat
122617Abl_CF,CF,wt,Littermate,CH3,GATA4.rb,af647.rb
122617Abl_CF,CF,wt,Littermate,CH4,BF,NA
122617Abl_CF,CF,wt,Littermate,CH5,GATA6.gt,af568.gt
122617Abl_CG,CG,het,Ablated,CH1,DNA,Hoechst
122617Abl_CG,CG,het,Ablated,CH2,GFP,no.ab
122617Abl_CG,CG,het,Ablated,CH3,NANOG.rb,af647.rb
122617Abl_CG,CG,het,Ablated,CH4,BF,NA
122617Abl_CG,CG,het,Ablated,CH5,GATA6.gt,af568.gt
122617Abl_CG,CG,het,Control,CH1,DNA,Hoechst
122617Abl_CG,CG,het,Control,CH2,GFP,no.ab
122617Abl_CG,CG,het,Control,CH3,NANOG.rb,af647.rb
122617Abl_CG,CG,het,Control,CH4,BF,NA
122617Abl_CG,CG,het,Control,CH5,GATA6.gt,af568.gt
122617Abl_CG,CG,wt,Littermate,CH1,DNA,Hoechst
122617Abl_CG,CG,wt,Littermate,CH2,NANOG.rat,af488.rat
122617Abl_CG,CG,wt,Littermate,CH3,GATA4.rb,af647.rb
122617Abl_CG,CG,wt,Littermate,CH4,BF,NA
122617Abl_CG,CG,wt,Littermate,CH5,GATA6.gt,af568.gt
122617Abl_CH,CH,het,Ablated,CH1,DNA,Hoechst
122617Abl_CH,CH,het,Ablated,CH2,GFP,no.ab
122617Abl_CH,CH,het,Ablated,CH3,NANOG.rb,af647.rb
122617Abl_CH,CH,het,Ablated,CH4,BF,NA
122617Abl_CH,CH,het,Ablated,CH5,GATA6.gt,af568.gt
122617Abl_CH,CH,het,Control,CH1,DNA,Hoechst
122617Abl_CH,CH,het,Control,CH2,GFP,no.ab
122617Abl_CH,CH,het,Control,CH3,NANOG.rb,af647.rb
122617Abl_CH,CH,het,Control,CH4,BF,NA
122617Abl_CH,CH,het,Control,CH5,GATA6.gt,af568.gt
122617Abl_CH,CH,wt,Littermate,CH1,DNA,Hoechst
122617Abl_CH,CH,wt,Littermate,CH2,NANOG.rat,af488.rat
122617Abl_CH,CH,wt,Littermate,CH3,GATA4.rb,af647.rb
122617Abl_CH,CH,wt,Littermate,CH4,BF,NA
122617Abl_CH,CH,wt,Littermate,CH5,GATA6.gt,af568.gt
012318Abl_CJ,CJ,het,Test,CH1,DNA,Hoechst
012318Abl_CJ,CJ,het,Test,CH2,GFP,no.ab
012318Abl_CJ,CJ,het,Test,CH3,NANOG.rb,af647.rb
012318Abl_CJ,CJ,het,Test,CH4,BF,NA
012318Abl_CJ,CJ,het,Test,CH5,GATA6.gt,af568.gt
012318Abl_CJ,CJ,het,Ablated,CH1,DNA,Hoechst
012318Abl_CJ,CJ,het,Ablated,CH2,GFP,no.ab
012318Abl_CJ,CJ,het,Ablated,CH3,NANOG.rb,af647.rb
012318Abl_CJ,CJ,het,Ablated,CH4,BF,NA
012318Abl_CJ,CJ,het,Ablated,CH5,GATA6.gt,af568.gt
012318Abl_CJ,CJ,het,Control,CH1,DNA,Hoechst
012318Abl_CJ,CJ,het,Control,CH2,GFP,no.ab
012318Abl_CJ,CJ,het,Control,CH3,NANOG.rb,af647.rb
012318Abl_CJ,CJ,het,Control,CH4,BF,NA
012318Abl_CJ,CJ,het,Control,CH5,GATA6.gt,af568.gt
012318Abl_CJ,CJ,wt,Littermate,CH1,DNA,Hoechst
012318Abl_CJ,CJ,wt,Littermate,CH2,NANOG.rat,af488.rat
012318Abl_CJ,CJ,wt,Littermate,CH3,GATA4.rb,af647.rb
012318Abl_CJ,CJ,wt,Littermate,CH4,BF,NA
012318Abl_CJ,CJ,wt,Littermate,CH5,GATA6.gt,af568.gt
013018Abl_CK,CK,het,Test,CH1,DNA,Hoechst
013018Abl_CK,CK,het,Test,CH2,GFP,no.ab
013018Abl_CK,CK,het,Test,CH3,NANOG.rb,af647.rb
013018Abl_CK,CK,het,Test,CH4,BF,NA
013018Abl_CK,CK,het,Test,CH5,GATA6.gt,af568.gt
013018Abl_CK,CK,het,Ablated,CH1,DNA,Hoechst
013018Abl_CK,CK,het,Ablated,CH2,GFP,no.ab
013018Abl_CK,CK,het,Ablated,CH3,NANOG.rb,af647.rb
013018Abl_CK,CK,het,Ablated,CH4,BF,NA
013018Abl_CK,CK,het,Ablated,CH5,GATA6.gt,af568.gt
013018Abl_CK,CK,het,Control,CH1,DNA,Hoechst
013018Abl_CK,CK,het,Control,CH2,GFP,no.ab
013018Abl_CK,CK,het,Control,CH3,NANOG.rb,af647.rb
013018Abl_CK,CK,het,Control,CH4,BF,NA
013018Abl_CK,CK,het,Control,CH5,GATA6.gt,af568.gt
013018Abl_CK,CK,wt,Littermate,CH1,DNA,Hoechst
013018Abl_CK,CK,wt,Littermate,CH2,NANOG.rat,af488.rat
013018Abl_CK,CK,wt,Littermate,CH3,GATA4.rb,af647.rb
013018Abl_CK,CK,wt,Littermate,CH4,BF,NA
013018Abl_CK,CK,wt,Littermate,CH5,GATA6.gt,af568.gt
013118Abl_CLa,CL,het,Test,CH1,DNA,Hoechst
013118Abl_CLa,CL,het,Test,CH2,GFP,no.ab
013118Abl_CLa,CL,het,Test,CH3,NANOG.rb,af647.rb
013118Abl_CLa,CL,het,Test,CH4,BF,NA
013118Abl_CLa,CL,het,Test,CH5,GATA6.gt,af568.gt
013118Abl_CLa,CL,het,Ablated,CH1,DNA,Hoechst
013118Abl_CLa,CL,het,Ablated,CH2,GFP,no.ab
013118Abl_CLa,CL,het,Ablated,CH3,NANOG.rb,af647.rb
013118Abl_CLa,CL,het,Ablated,CH4,BF,NA
013118Abl_CLa,CL,het,Ablated,CH5,GATA6.gt,af568.gt
013118Abl_CLa,CL,het,Control,CH1,DNA,Hoechst
013118Abl_CLa,CL,het,Control,CH2,GFP,no.ab
013118Abl_CLa,CL,het,Control,CH3,NANOG.rb,af647.rb
013118Abl_CLa,CL,het,Control,CH4,BF,NA
013118Abl_CLa,CL,het,Control,CH5,GATA6.gt,af568.gt
013118Abl_CLa,CL,wt,Littermate,CH1,DNA,Hoechst
013118Abl_CLa,CL,wt,Littermate,CH2,NANOG.rat,af488.rat
013118Abl_CLa,CL,wt,Littermate,CH3,GATA4.rb,af647.rb
013118Abl_CLa,CL,wt,Littermate,CH4,BF,NA
013118Abl_CLa,CL,wt,Littermate,CH5,GATA6.gt,af568.gt
013118Abl_CLb,CL,wt,Littermate,CH1,DNA,Hoechst
013118Abl_CLb,CL,wt,Littermate,CH2,NANOG.rat,af488.rat
013118Abl_CLb,CL,wt,Littermate,CH3,GATA6.rb,af647.rb
013118Abl_CLb,CL,wt,Littermate,CH4,BF,NA
013118Abl_CLb,CL,wt,Littermate,CH5,SOX17.gt,af568.gt
013118Abl_CMa,CM,het,Ablated,CH1,DNA,Hoechst
013118Abl_CMa,CM,het,Ablated,CH2,GFP,no.ab
013118Abl_CMa,CM,het,Ablated,CH3,NANOG.rb,af647.rb
013118Abl_CMa,CM,het,Ablated,CH4,BF,NA
013118Abl_CMa,CM,het,Ablated,CH5,GATA6.gt,af568.gt
013118Abl_CMa,CM,het,Control,CH1,DNA,Hoechst
013118Abl_CMa,CM,het,Control,CH2,GFP,no.ab
013118Abl_CMa,CM,het,Control,CH3,NANOG.rb,af647.rb
013118Abl_CMa,CM,het,Control,CH4,BF,NA
013118Abl_CMa,CM,het,Control,CH5,GATA6.gt,af568.gt
013118Abl_CMa,CM,wt,Littermate,CH1,DNA,Hoechst
013118Abl_CMa,CM,wt,Littermate,CH2,NANOG.rat,af488.rat
013118Abl_CMa,CM,wt,Littermate,CH3,GATA4.rb,af647.rb
013118Abl_CMa,CM,wt,Littermate,CH4,BF,NA
013118Abl_CMa,CM,wt,Littermate,CH5,GATA6.gt,af568.gt
013118Abl_CMb,CM,wt,Littermate,CH1,DNA,Hoechst
013118Abl_CMb,CM,wt,Littermate,CH2,NANOG.rat,af488.rat
013118Abl_CMb,CM,wt,Littermate,CH3,GATA6.rb,af647.rb
013118Abl_CMb,CM,wt,Littermate,CH4,BF,NA
013118Abl_CMb,CM,wt,Littermate,CH5,SOX17.gt,af568.gt
013118Abl_CNa,CN,het,Ablated,CH1,DNA,Hoechst
013118Abl_CNa,CN,het,Ablated,CH2,GFP,no.ab
013118Abl_CNa,CN,het,Ablated,CH3,NANOG.rb,af647.rb
013118Abl_CNa,CN,het,Ablated,CH4,BF,NA
013118Abl_CNa,CN,het,Ablated,CH5,GATA6.gt,af568.gt
013118Abl_CNa,CN,wt,Littermate,CH1,DNA,Hoechst
013118Abl_CNa,CN,wt,Littermate,CH2,NANOG.rat,af488.rat
013118Abl_CNa,CN,wt,Littermate,CH3,GATA4.rb,af647.rb
013118Abl_CNa,CN,wt,Littermate,CH4,BF,NA
013118Abl_CNa,CN,wt,Littermate,CH5,GATA6.gt,af568.gt
013118Abl_CNb,CN,wt,Littermate,CH1,DNA,Hoechst
013118Abl_CNb,CN,wt,Littermate,CH2,NANOG.rat,af488.rat
013118Abl_CNb,CN,wt,Littermate,CH3,GATA6.rb,af647.rb
013118Abl_CNb,CN,wt,Littermate,CH4,BF,NA
013118Abl_CNb,CN,wt,Littermate,CH5,SOX17.gt,af568.gt
020618Abl_CO,CO,wt,Littermate,CH1,DNA,Hoechst
020618Abl_CO,CO,wt,Littermate,CH2,NANOG.rat,af488.rat
020618Abl_CO,CO,wt,Littermate,CH3,GATA6.rb,af647.rb
020618Abl_CO,CO,wt,Littermate,CH4,BF,NA
020618Abl_CO,CO,wt,Littermate,CH5,SOX17.gt,af568.gt
020618Abl_CP,CP,wt,Littermate,CH1,DNA,Hoechst
020618Abl_CP,CP,wt,Littermate,CH2,NANOG.rat,af488.rat
020618Abl_CP,CP,wt,Littermate,CH3,GATA6.rb,af647.rb
020618Abl_CP,CP,wt,Littermate,CH4,BF,NA
020618Abl_CP,CP,wt,Littermate,CH5,SOX17.gt,af568.gt
020618Abl_CQ,CQ,het,Control,CH1,DNA,Hoechst
020618Abl_CQ,CQ,het,Control,CH2,GFP,no.ab
020618Abl_CQ,CQ,het,Control,CH3,NANOG.rb,af647.rb
020618Abl_CQ,CQ,het,Control,CH4,BF,NA
020618Abl_CQ,CQ,het,Control,CH5,SOX2.rat,af594.rat
020618Abl_CQ,CQ,wt,Littermate,CH1,DNA,Hoechst
020618Abl_CQ,CQ,wt,Littermate,CH2,NANOG.rat,af488.rat
020618Abl_CQ,CQ,wt,Littermate,CH3,GATA6.rb,af647.rb
020618Abl_CQ,CQ,wt,Littermate,CH4,BF,NA
020618Abl_CQ,CQ,wt,Littermate,CH5,SOX17.gt,af568.gt
022018Abl_CR,CR,het,Ablated,,,
022018Abl_CR,CR,het,Ablated,,,
022018Abl_CR,CR,het,Ablated,,,
022018Abl_CR,CR,het,Ablated,,,
022018Abl_CR,CR,het,Ablated,,,
022018Abl_CR,CR,het,Control,,,
022018Abl_CR,CR,het,Control,,,
022018Abl_CR,CR,het,Control,,,
022018Abl_CR,CR,het,Control,,,
022018Abl_CR,CR,het,Control,,,
022018Abl_CR,CR,wt,Littermate,,,
022018Abl_CR,CR,wt,Littermate,,,
022018Abl_CR,CR,wt,Littermate,,,
022018Abl_CR,CR,wt,Littermate,,,
022018Abl_CR,CR,wt,Littermate,,,
022018Abl_CS,CS,het,Ablated,CH1,DNA,Hoechst
022018Abl_CS,CS,het,Ablated,CH2,GFP,no.ab
022018Abl_CS,CS,het,Ablated,CH3,GATA4.rb,af647.rb
022018Abl_CS,CS,het,Ablated,CH4,BF,NA
022018Abl_CS,CS,het,Ablated,CH5,TUNEL,no.ab
022018Abl_CS,CS,het,Control,CH1,DNA,Hoechst
022018Abl_CS,CS,het,Control,CH2,GFP,no.ab
022018Abl_CS,CS,het,Control,CH3,GATA4.rb,af647.rb
022018Abl_CS,CS,het,Control,CH4,BF,NA
022018Abl_CS,CS,het,Control,CH5,TUNEL,no.ab
022018Abl_CS,CS,wt,Littermate,CH1,DNA,Hoechst
022018Abl_CS,CS,wt,Littermate,CH2,NANOG.rat,af488.rat
022018Abl_CS,CS,wt,Littermate,CH3,GATA4.rb,af647.rb
022018Abl_CS,CS,wt,Littermate,CH4,BF,NA
022018Abl_CS,CS,wt,Littermate,CH5,no.ab,no.ab
050818Abl_DA,DA,het,Control,CH1,DNA,Hoechst
050818Abl_DA,DA,het,Control,CH2,GFP,no.ab
050818Abl_DA,DA,het,Control,CH3,NANOG.rb,af647.rb
050818Abl_DA,DA,het,Control,CH4,BF,NA
050818Abl_DA,DA,het,Control,CH5,GATA6.gt,af568.gt
050818Abl_DA,DA,wt,Littermate,CH1,DNA,Hoechst
050818Abl_DA,DA,wt,Littermate,CH2,CDX2.m,af488.m
050818Abl_DA,DA,wt,Littermate,CH3,NANOG.rb,af647.rb
050818Abl_DA,DA,wt,Littermate,CH4,BF,NA
050818Abl_DA,DA,wt,Littermate,CH5,GATA6.gt,af568.gt
050818Abl_DB,DB,het,Control,CH1,DNA,Hoechst
050818Abl_DB,DB,het,Control,CH2,GFP,no.ab
050818Abl_DB,DB,het,Control,CH3,NANOG.rb,af647.rb
050818Abl_DB,DB,het,Control,CH4,BF,NA
050818Abl_DB,DB,het,Control,CH5,GATA6.gt,af568.gt
050818Abl_DB,DB,wt,Littermate,CH1,DNA,Hoechst
050818Abl_DB,DB,wt,Littermate,CH2,CDX2.m,af488.m
050818Abl_DB,DB,wt,Littermate,CH3,NANOG.rb,af647.rb
050818Abl_DB,DB,wt,Littermate,CH4,BF,NA
050818Abl_DB,DB,wt,Littermate,CH5,GATA6.gt,af568.gt
052218Abl_DC,DC,het,Control,CH1,DNA,Hoechst
052218Abl_DC,DC,het,Control,CH2,GFP,no.ab
052218Abl_DC,DC,het,Control,CH3,NANOG.rb,af647.rb
052218Abl_DC,DC,het,Control,CH4,BF,NA
052218Abl_DC,DC,het,Control,CH5,GATA6.gt,af568.gt
052218Abl_DC,DC,wt,Control,CH1,DNA,Hoechst
052218Abl_DC,DC,wt,Control,CH2,CDX2.m,af488.m
052218Abl_DC,DC,wt,Control,CH3,NANOG.rb,af647.rb
052218Abl_DC,DC,wt,Control,CH4,BF,NA
052218Abl_DC,DC,wt,Control,CH5,GATA6.gt,af568.gt
052218Abl_DC,DC,wt,Littermate,CH1,DNA,Hoechst
052218Abl_DC,DC,wt,Littermate,CH2,CDX2.m,af488.m
052218Abl_DC,DC,wt,Littermate,CH3,NANOG.rb,af647.rb
052218Abl_DC,DC,wt,Littermate,CH4,BF,NA
052218Abl_DC,DC,wt,Littermate,CH5,GATA6.gt,af568.gt
052318Abl_DD,DD,het,Control,CH1,DNA,Hoechst
052318Abl_DD,DD,het,Control,CH2,GFP,no.ab
052318Abl_DD,DD,het,Control,CH3,NANOG.rb,af647.rb
052318Abl_DD,DD,het,Control,CH4,BF,NA
052318Abl_DD,DD,het,Control,CH5,GATA6.gt,af568.gt
052318Abl_DD,DD,wt,Control,CH1,DNA,Hoechst
052318Abl_DD,DD,wt,Control,CH2,CDX2.m,af488.m
052318Abl_DD,DD,wt,Control,CH3,NANOG.rb,af647.rb
052318Abl_DD,DD,wt,Control,CH4,BF,NA
052318Abl_DD,DD,wt,Control,CH5,GATA6.gt,af568.gt
052318Abl_DD,DD,wt,Littermate,CH1,DNA,Hoechst
052318Abl_DD,DD,wt,Littermate,CH2,CDX2.m,af488.m
052318Abl_DD,DD,wt,Littermate,CH3,NANOG.rb,af647.rb
052318Abl_DD,DD,wt,Littermate,CH4,BF,NA
052318Abl_DD,DD,wt,Littermate,CH5,GATA6.gt,af568.gt
071718Abl_DM,DM,wt,Littermate,CH1,DNA,Hoechst
071718Abl_DM,DM,wt,Littermate,CH2,NANOG.rat,af488.rat
071718Abl_DM,DM,wt,Littermate,CH3,GATA4.rb,af647.rb
071718Abl_DM,DM,wt,Littermate,CH4,BF,NA
071718Abl_DM,DM,wt,Littermate,CH5,GATA6.gt,af568.gt
071718Abl_DN,DN,wt,Littermate,CH1,DNA,Hoechst
071718Abl_DN,DN,wt,Littermate,CH2,NANOG.rat,af488.rat
071718Abl_DN,DN,wt,Littermate,CH3,GATA4.rb,af647.rb
071718Abl_DN,DN,wt,Littermate,CH4,BF,NA
071718Abl_DN,DN,wt,Littermate,CH5,GATA6.gt,af568.gt
072318Abl_DP,DP,het,Ablated,CH1,DNA,Hoechst
072318Abl_DP,DP,het,Ablated,CH2,GFP,no.ab
072318Abl_DP,DP,het,Ablated,CH3,NANOG.rb,af647.rb
072318Abl_DP,DP,het,Ablated,CH4,BF,NA
072318Abl_DP,DP,het,Ablated,CH5,GATA6.gt,af568.gt
072318Abl_DP,DP,het,Control,CH1,DNA,Hoechst
072318Abl_DP,DP,het,Control,CH2,GFP,no.ab
072318Abl_DP,DP,het,Control,CH3,NANOG.rb,af647.rb
072318Abl_DP,DP,het,Control,CH4,BF,NA
072318Abl_DP,DP,het,Control,CH5,GATA6.gt,af568.gt
072318Abl_DP,DP,wt,Littermate,CH1,DNA,Hoechst
072318Abl_DP,DP,wt,Littermate,CH2,NANOG.rat,af488.rat
072318Abl_DP,DP,wt,Littermate,CH3,GATA4.rb,af647.rb
072318Abl_DP,DP,wt,Littermate,CH4,BF,NA
072318Abl_DP,DP,wt,Littermate,CH5,GATA6.gt,af568.gt
072318Abl_DQ,DQ,het,Ablated,CH1,DNA,Hoechst
072318Abl_DQ,DQ,het,Ablated,CH2,GFP,no.ab
072318Abl_DQ,DQ,het,Ablated,CH3,NANOG.rb,af647.rb
072318Abl_DQ,DQ,het,Ablated,CH4,BF,NA
072318Abl_DQ,DQ,het,Ablated,CH5,GATA6.gt,af568.gt
072318Abl_DQ,DQ,het,Control,CH1,DNA,Hoechst
072318Abl_DQ,DQ,het,Control,CH2,GFP,no.ab
072318Abl_DQ,DQ,het,Control,CH3,NANOG.rb,af647.rb
072318Abl_DQ,DQ,het,Control,CH4,BF,NA
072318Abl_DQ,DQ,het,Control,CH5,GATA6.gt,af568.gt
072318Abl_DQ,DQ,wt,Littermate,CH1,DNA,Hoechst
072318Abl_DQ,DQ,wt,Littermate,CH2,NANOG.rat,af488.rat
072318Abl_DQ,DQ,wt,Littermate,CH3,GATA4.rb,af647.rb
072318Abl_DQ,DQ,wt,Littermate,CH4,BF,NA
072318Abl_DQ,DQ,wt,Littermate,CH5,GATA6.gt,af568.gt
072518Abl_DR,DR,het,Ablated,CH1,DNA,Hoechst
072518Abl_DR,DR,het,Ablated,CH2,GFP,no.ab
072518Abl_DR,DR,het,Ablated,CH3,NANOG.rb,af647.rb
072518Abl_DR,DR,het,Ablated,CH4,BF,NA
072518Abl_DR,DR,het,Ablated,CH5,GATA6.gt,af568.gt
072518Abl_DR,DR,het,Control,CH1,DNA,Hoechst
072518Abl_DR,DR,het,Control,CH2,GFP,no.ab
072518Abl_DR,DR,het,Control,CH3,NANOG.rb,af647.rb
072518Abl_DR,DR,het,Control,CH4,BF,NA
072518Abl_DR,DR,het,Control,CH5,GATA6.gt,af568.gt
072518Abl_DR,DR,wt,Littermate,CH1,DNA,Hoechst
072518Abl_DR,DR,wt,Littermate,CH2,NANOG.rat,af488.rat
072518Abl_DR,DR,wt,Littermate,CH3,GATA4.rb,af647.rb
072518Abl_DR,DR,wt,Littermate,CH4,BF,NA
072518Abl_DR,DR,wt,Littermate,CH5,GATA6.gt,af568.gt
072518Abl_DS,DS,het,Ablated,CH1,DNA,Hoechst
072518Abl_DS,DS,het,Ablated,CH2,GFP,no.ab
072518Abl_DS,DS,het,Ablated,CH3,NANOG.rb,af647.rb
072518Abl_DS,DS,het,Ablated,CH4,BF,NA
072518Abl_DS,DS,het,Ablated,CH5,GATA6.gt,af568.gt
072518Abl_DS,DS,het,Control,CH1,DNA,Hoechst
072518Abl_DS,DS,het,Control,CH2,GFP,no.ab
072518Abl_DS,DS,het,Control,CH3,NANOG.rb,af647.rb
072518Abl_DS,DS,het,Control,CH4,BF,NA
072518Abl_DS,DS,het,Control,CH5,GATA6.gt,af568.gt
072518Abl_DS,DS,wt,Littermate,CH1,DNA,Hoechst
072518Abl_DS,DS,wt,Littermate,CH2,NANOG.rat,af488.rat
072518Abl_DS,DS,wt,Littermate,CH3,GATA4.rb,af647.rb
072518Abl_DS,DS,wt,Littermate,CH4,BF,NA
072518Abl_DS,DS,wt,Littermate,CH5,GATA6.gt,af568.gt
102218Abl_DV,DV,het,Ablated,CH1,DNA,Hoechst
102218Abl_DV,DV,het,Ablated,CH2,GFP,no.ab
102218Abl_DV,DV,het,Ablated,CH3,NANOG.rb,af647.rb
102218Abl_DV,DV,het,Ablated,CH4,BF,NA
102218Abl_DV,DV,het,Ablated,CH5,GATA6.gt,af568.gt
102218Abl_DV,DV,het,Control,CH1,DNA,Hoechst
102218Abl_DV,DV,het,Control,CH2,GFP,no.ab
102218Abl_DV,DV,het,Control,CH3,NANOG.rb,af647.rb
102218Abl_DV,DV,het,Control,CH4,BF,NA
102218Abl_DV,DV,het,Control,CH5,GATA6.gt,af568.gt
102218Abl_DV,DV,wt,Littermate,CH1,DNA,Hoechst
102218Abl_DV,DV,wt,Littermate,CH2,CDX2.m,af488.m
102218Abl_DV,DV,wt,Littermate,CH3,NANOG.rb,af647.rb
102218Abl_DV,DV,wt,Littermate,CH4,BF,NA
102218Abl_DV,DV,wt,Littermate,CH5,GATA6.gt,af568.gt
102218Abl_DW,DW,het,Ablated,CH1,DNA,Hoechst
102218Abl_DW,DW,het,Ablated,CH2,GFP,no.ab
102218Abl_DW,DW,het,Ablated,CH3,NANOG.rb,af647.rb
102218Abl_DW,DW,het,Ablated,CH4,BF,NA
102218Abl_DW,DW,het,Ablated,CH5,GATA6.gt,af568.gt
102218Abl_DW,DW,het,Control,CH1,DNA,Hoechst
102218Abl_DW,DW,het,Control,CH2,GFP,no.ab
102218Abl_DW,DW,het,Control,CH3,NANOG.rb,af647.rb
102218Abl_DW,DW,het,Control,CH4,BF,NA
102218Abl_DW,DW,het,Control,CH5,GATA6.gt,af568.gt
102218Abl_DW,DW,wt,Littermate,CH1,DNA,Hoechst
102218Abl_DW,DW,wt,Littermate,CH2,CDX2.m,af488.m
102218Abl_DW,DW,wt,Littermate,CH3,NANOG.rb,af647.rb
102218Abl_DW,DW,wt,Littermate,CH4,BF,NA
102218Abl_DW,DW,wt,Littermate,CH5,GATA6.gt,af568.gt
102218Abl_DX,DX,het,Ablated,CH1,DNA,Hoechst
102218Abl_DX,DX,het,Ablated,CH2,GFP,no.ab
102218Abl_DX,DX,het,Ablated,CH3,NANOG.rb,af647.rb
102218Abl_DX,DX,het,Ablated,CH4,BF,NA
102218Abl_DX,DX,het,Ablated,CH5,GATA6.gt,af568.gt
102218Abl_DX,DX,het,Control,CH1,DNA,Hoechst
102218Abl_DX,DX,het,Control,CH2,GFP,no.ab
102218Abl_DX,DX,het,Control,CH3,NANOG.rb,af647.rb
102218Abl_DX,DX,het,Control,CH4,BF,NA
102218Abl_DX,DX,het,Control,CH5,GATA6.gt,af568.gt
102218Abl_DX,DX,wt,Littermate,CH1,DNA,Hoechst
102218Abl_DX,DX,wt,Littermate,CH2,NANOG.rat,af488.rat
102218Abl_DX,DX,wt,Littermate,CH3,GATA4.rb,af647.rb
102218Abl_DX,DX,wt,Littermate,CH4,BF,NA
102218Abl_DX,DX,wt,Littermate,CH5,GATA6.gt,af568.gt
111318Abl_DZ,DZ,het,Ablated,CH1,DNA,Hoechst
111318Abl_DZ,DZ,het,Ablated,CH2,GFP,no.ab
111318Abl_DZ,DZ,het,Ablated,CH3,NANOG.rb,af647.rb
111318Abl_DZ,DZ,het,Ablated,CH4,BF,NA
111318Abl_DZ,DZ,het,Ablated,CH5,GATA6.gt,af568.gt
111318Abl_DZ,DZ,het,Control,CH1,DNA,Hoechst
111318Abl_DZ,DZ,het,Control,CH2,GFP,no.ab
111318Abl_DZ,DZ,het,Control,CH3,NANOG.rb,af647.rb
111318Abl_DZ,DZ,het,Control,CH4,BF,NA
111318Abl_DZ,DZ,het,Control,CH5,GATA6.gt,af568.gt
111318Abl_DZ,DZ,wt,Littermate,CH1,DNA,Hoechst
111318Abl_DZ,DZ,wt,Littermate,CH2,CDX2.m,af488.m
111318Abl_DZ,DZ,wt,Littermate,CH3,NANOG.rb,af647.rb
111318Abl_DZ,DZ,wt,Littermate,CH4,BF,NA
111318Abl_DZ,DZ,wt,Littermate,CH5,GATA6.gt,af568.gt
112018Abl_EA,EA,het,Ablated,CH1,DNA,Hoechst
112018Abl_EA,EA,het,Ablated,CH2,GFP,no.ab
112018Abl_EA,EA,het,Ablated,CH3,NANOG.rb,af647.rb
112018Abl_EA,EA,het,Ablated,CH4,BF,NA
112018Abl_EA,EA,het,Ablated,CH5,GATA6.gt,af568.gt
112018Abl_EA,EA,het,Control,CH1,DNA,Hoechst
112018Abl_EA,EA,het,Control,CH2,GFP,no.ab
112018Abl_EA,EA,het,Control,CH3,NANOG.rb,af647.rb
112018Abl_EA,EA,het,Control,CH4,BF,NA
112018Abl_EA,EA,het,Control,CH5,GATA6.gt,af568.gt
112018Abl_EA,EA,wt,Control,CH1,DNA,Hoechst
112018Abl_EA,EA,wt,Control,CH2,NANOG.rat,af488.rat
112018Abl_EA,EA,wt,Control,CH3,no.ab,no.ab
112018Abl_EA,EA,wt,Control,CH4,BF,NA
112018Abl_EA,EA,wt,Control,CH5,GATA6.gt,af568.gt
112018Abl_EA,EA,wt,Littermate,CH1,DNA,Hoechst
112018Abl_EA,EA,wt,Littermate,CH2,NANOG.rat,af488.rat
112018Abl_EA,EA,wt,Littermate,CH3,no.ab,no.ab
112018Abl_EA,EA,wt,Littermate,CH4,BF,NA
112018Abl_EA,EA,wt,Littermate,CH5,GATA6.gt,af568.gt
121018Abl_EB,EB,het,Ablated,CH1,DNA,Hoechst
121018Abl_EB,EB,het,Ablated,CH2,GFP,no.ab
121018Abl_EB,EB,het,Ablated,CH3,NANOG.rb,af647.rb
121018Abl_EB,EB,het,Ablated,CH4,BF,NA
121018Abl_EB,EB,het,Ablated,CH5,GATA6.gt,af568.gt
121018Abl_EB,EB,het,Control,CH1,DNA,Hoechst
121018Abl_EB,EB,het,Control,CH2,GFP,no.ab
121018Abl_EB,EB,het,Control,CH3,NANOG.rb,af647.rb
121018Abl_EB,EB,het,Control,CH4,BF,NA
121018Abl_EB,EB,het,Control,CH5,GATA6.gt,af568.gt
121018Abl_EB,EB,wt,Control,CH1,DNA,Hoechst
121018Abl_EB,EB,wt,Control,CH2,NANOG.rat,af488.rat
121018Abl_EB,EB,wt,Control,CH3,GATA4.rb,af647.rb
121018Abl_EB,EB,wt,Control,CH4,BF,NA
121018Abl_EB,EB,wt,Control,CH5,GATA6.gt,af568.gt
121018Abl_EB,EB,wt,Littermate,CH1,DNA,Hoechst
121018Abl_EB,EB,wt,Littermate,CH2,NANOG.rat,af488.rat
121018Abl_EB,EB,wt,Littermate,CH3,GATA4.rb,af647.rb
121018Abl_EB,EB,wt,Littermate,CH4,BF,NA
121018Abl_EB,EB,wt,Littermate,CH5,GATA6.gt,af568.gt
121018Abl_EC,EC,het,Ablated,CH1,DNA,Hoechst
121018Abl_EC,EC,het,Ablated,CH2,GFP,no.ab
121018Abl_EC,EC,het,Ablated,CH3,NANOG.rb,af647.rb
121018Abl_EC,EC,het,Ablated,CH4,BF,NA
121018Abl_EC,EC,het,Ablated,CH5,GATA6.gt,af568.gt
121018Abl_EC,EC,wt,Control,CH1,DNA,Hoechst
121018Abl_EC,EC,wt,Control,CH2,NANOG.rat,af488.rat
121018Abl_EC,EC,wt,Control,CH3,GATA4.rb,af647.rb
121018Abl_EC,EC,wt,Control,CH4,BF,NA
121018Abl_EC,EC,wt,Control,CH5,GATA6.gt,af568.gt
121018Abl_EC,EC,wt,Littermate,CH1,DNA,Hoechst
121018Abl_EC,EC,wt,Littermate,CH2,NANOG.rat,af488.rat
121018Abl_EC,EC,wt,Littermate,CH3,GATA4.rb,af647.rb
121018Abl_EC,EC,wt,Littermate,CH4,BF,NA
121018Abl_EC,EC,wt,Littermate,CH5,GATA6.gt,af568.gt
121718Abl_ED,ED,het,Ablated,CH1,DNA,Hoechst
121718Abl_ED,ED,het,Ablated,CH2,GFP,no.ab
121718Abl_ED,ED,het,Ablated,CH3,NANOG.rb,af647.rb
121718Abl_ED,ED,het,Ablated,CH4,BF,NA
121718Abl_ED,ED,het,Ablated,CH5,GATA6.gt,af568.gt
121718Abl_ED,ED,wt,Control,CH1,DNA,Hoechst
121718Abl_ED,ED,wt,Control,CH2,NANOG.rat,af488.rat
121718Abl_ED,ED,wt,Control,CH3,GATA4.rb,af647.rb
121718Abl_ED,ED,wt,Control,CH4,BF,NA
121718Abl_ED,ED,wt,Control,CH5,GATA6.gt,af568.gt
121718Abl_ED,ED,wt,Random,CH1,DNA,Hoechst
121718Abl_ED,ED,wt,Random,CH2,NANOG.rat,af488.rat
121718Abl_ED,ED,wt,Random,CH3,GATA4.rb,af647.rb
121718Abl_ED,ED,wt,Random,CH4,BF,NA
121718Abl_ED,ED,wt,Random,CH5,GATA6.gt,af568.gt
121818Abl_EE,EE,het,Ablated,CH1,DNA,Hoechst
121818Abl_EE,EE,het,Ablated,CH2,GFP,no.ab
121818Abl_EE,EE,het,Ablated,CH3,NANOG.rb,af647.rb
121818Abl_EE,EE,het,Ablated,CH4,BF,NA
121818Abl_EE,EE,het,Ablated,CH5,GATA6.gt,af568.gt
121818Abl_EE,EE,het,Control,CH1,DNA,Hoechst
121818Abl_EE,EE,het,Control,CH2,GFP,no.ab
121818Abl_EE,EE,het,Control,CH3,NANOG.rb,af647.rb
121818Abl_EE,EE,het,Control,CH4,BF,NA
121818Abl_EE,EE,het,Control,CH5,GATA6.gt,af568.gt
121818Abl_EE,EE,wt,Control,CH1,DNA,Hoechst
121818Abl_EE,EE,wt,Control,CH2,NANOG.rat,af488.rat
121818Abl_EE,EE,wt,Control,CH3,GATA4.rb,af647.rb
121818Abl_EE,EE,wt,Control,CH4,BF,NA
121818Abl_EE,EE,wt,Control,CH5,GATA6.gt,af568.gt
121818Abl_EE,EE,wt,Random,CH1,DNA,Hoechst
121818Abl_EE,EE,wt,Random,CH2,NANOG.rat,af488.rat
121818Abl_EE,EE,wt,Random,CH3,GATA4.rb,af647.rb
121818Abl_EE,EE,wt,Random,CH4,BF,NA
121818Abl_EE,EE,wt,Random,CH5,GATA6.gt,af568.gt
121918Abl_EF,EF,het,Ablated,CH1,DNA,Hoechst
121918Abl_EF,EF,het,Ablated,CH2,GFP,no.ab
121918Abl_EF,EF,het,Ablated,CH3,NANOG.rb,af647.rb
121918Abl_EF,EF,het,Ablated,CH4,BF,NA
121918Abl_EF,EF,het,Ablated,CH5,GATA6.gt,af568.gt
121918Abl_EF,EF,wt,Control,CH1,DNA,Hoechst
121918Abl_EF,EF,wt,Control,CH2,NANOG.rat,af488.rat
121918Abl_EF,EF,wt,Control,CH3,GATA4.rb,af647.rb
121918Abl_EF,EF,wt,Control,CH4,BF,NA
121918Abl_EF,EF,wt,Control,CH5,GATA6.gt,af568.gt
121918Abl_EF,EF,wt,Random,CH1,DNA,Hoechst
121918Abl_EF,EF,wt,Random,CH2,NANOG.rat,af488.rat
121918Abl_EF,EF,wt,Random,CH3,GATA4.rb,af647.rb
121918Abl_EF,EF,wt,Random,CH4,BF,NA
121918Abl_EF,EF,wt,Random,CH5,GATA6.gt,af568.gt
010319Abl_EG,EG,het,Ablated,CH1,DNA,Hoechst
010319Abl_EG,EG,het,Ablated,CH2,GFP,no.ab
010319Abl_EG,EG,het,Ablated,CH3,NANOG.rb,af647.rb
010319Abl_EG,EG,het,Ablated,CH4,BF,NA
010319Abl_EG,EG,het,Ablated,CH5,GATA6.gt,af568.gt
010319Abl_EG,EG,wt,Control,CH1,DNA,Hoechst
010319Abl_EG,EG,wt,Control,CH2,NANOG.rat,af488.rat
010319Abl_EG,EG,wt,Control,CH3,GATA4.rb,af647.rb
010319Abl_EG,EG,wt,Control,CH4,BF,NA
010319Abl_EG,EG,wt,Control,CH5,GATA6.gt,af568.gt
010319Abl_EG,EG,wt,Random,CH1,DNA,Hoechst
010319Abl_EG,EG,wt,Random,CH2,NANOG.rat,af488.rat
010319Abl_EG,EG,wt,Random,CH3,GATA4.rb,af647.rb
010319Abl_EG,EG,wt,Random,CH4,BF,NA
010319Abl_EG,EG,wt,Random,CH5,GATA6.gt,af568.gt
010719Abl_EH,EH,het,Ablated,CH1,DNA,Hoechst
010719Abl_EH,EH,het,Ablated,CH2,GFP,no.ab
010719Abl_EH,EH,het,Ablated,CH3,NANOG.rb,af647.rb
010719Abl_EH,EH,het,Ablated,CH4,BF,NA
010719Abl_EH,EH,het,Ablated,CH5,GATA6.gt,af568.gt
010719Abl_EH,EH,het,Control,CH1,DNA,Hoechst
010719Abl_EH,EH,het,Control,CH2,GFP,no.ab
010719Abl_EH,EH,het,Control,CH3,NANOG.rb,af647.rb
010719Abl_EH,EH,het,Control,CH4,BF,NA
010719Abl_EH,EH,het,Control,CH5,GATA6.gt,af568.gt
012119Abl_EI,EI,het,Ablated,CH1,DNA,Hoechst
012119Abl_EI,EI,het,Ablated,CH2,GFP,no.ab
012119Abl_EI,EI,het,Ablated,CH3,NANOG.rb,af647.rb
012119Abl_EI,EI,het,Ablated,CH4,BF,NA
012119Abl_EI,EI,het,Ablated,CH5,GATA6.gt,af568.gt
012119Abl_EI,EI,wt,Random,CH1,DNA,Hoechst
012119Abl_EI,EI,wt,Random,CH2,NANOG.rat,af488.rat
012119Abl_EI,EI,wt,Random,CH3,GATA4.rb,af647.rb
012119Abl_EI,EI,wt,Random,CH4,BF,NA
012119Abl_EI,EI,wt,Random,CH5,GATA6.gt,af568.gt
012219Abl_EJ,EJ,het,Ablated,CH1,DNA,Hoechst
012219Abl_EJ,EJ,het,Ablated,CH2,GFP,no.ab
012219Abl_EJ,EJ,het,Ablated,CH3,NANOG.rb,af647.rb
012219Abl_EJ,EJ,het,Ablated,CH4,BF,NA
012219Abl_EJ,EJ,het,Ablated,CH5,GATA6.gt,af568.gt
012219Abl_EJ,EJ,wt,Random,CH1,DNA,Hoechst
012219Abl_EJ,EJ,wt,Random,CH2,NANOG.rat,af488.rat
012219Abl_EJ,EJ,wt,Random,CH3,GATA4.rb,af647.rb
012219Abl_EJ,EJ,wt,Random,CH4,BF,NA
012219Abl_EJ,EJ,wt,Random,CH5,GATA6.gt,af568.gt
021119Abl_EK,EK,het,Ablated,CH1,DNA,Hoechst
021119Abl_EK,EK,het,Ablated,CH2,GFP,no.ab
021119Abl_EK,EK,het,Ablated,CH3,NANOG.rb,af647.rb
021119Abl_EK,EK,het,Ablated,CH4,BF,NA
021119Abl_EK,EK,het,Ablated,CH5,GATA6.gt,af568.gt
021119Abl_EK,EK,wt,Random,CH1,DNA,Hoechst
021119Abl_EK,EK,wt,Random,CH2,NANOG.rat,af488.rat
021119Abl_EK,EK,wt,Random,CH3,GATA4.rb,af647.rb
021119Abl_EK,EK,wt,Random,CH4,BF,NA
021119Abl_EK,EK,wt,Random,CH5,GATA6.gt,af568.gt
021119Abl_EL,EL,het,Control,CH1,DNA,Hoechst
021119Abl_EL,EL,het,Control,CH2,GFP,no.ab
021119Abl_EL,EL,het,Control,CH3,NANOG.rb,af647.rb
021119Abl_EL,EL,het,Control,CH4,BF,NA
021119Abl_EL,EL,het,Control,CH5,GATA6.gt,af568.gt
021119Abl_EL,EL,wt,Control,CH1,DNA,Hoechst
021119Abl_EL,EL,wt,Control,CH2,NANOG.rat,af488.rat
021119Abl_EL,EL,wt,Control,CH3,GATA4.rb,af647.rb
021119Abl_EL,EL,wt,Control,CH4,BF,NA
021119Abl_EL,EL,wt,Control,CH5,GATA6.gt,af568.gt
021119Abl_EM,EM,het,Ablated,CH1,DNA,Hoechst
021119Abl_EM,EM,het,Ablated,CH2,GFP,no.ab
021119Abl_EM,EM,het,Ablated,CH3,NANOG.rb,af647.rb
021119Abl_EM,EM,het,Ablated,CH4,BF,NA
021119Abl_EM,EM,het,Ablated,CH5,GATA6.gt,af568.gt
021119Abl_EM,EM,wt,Random,CH1,DNA,Hoechst
021119Abl_EM,EM,wt,Random,CH2,NANOG.rat,af488.rat
021119Abl_EM,EM,wt,Random,CH3,GATA4.rb,af647.rb
021119Abl_EM,EM,wt,Random,CH4,BF,NA
021119Abl_EM,EM,wt,Random,CH5,GATA6.gt,af568.gt
021919Abl_EN,EN,het,Ablated,CH1,DNA,Hoechst
021919Abl_EN,EN,het,Ablated,CH2,GFP,no.ab
021919Abl_EN,EN,het,Ablated,CH3,NANOG.rb,af647.rb
021919Abl_EN,EN,het,Ablated,CH4,BF,NA
021919Abl_EN,EN,het,Ablated,CH5,GATA6.gt,af568.gt
021919Abl_EN,EN,het,Control,CH1,DNA,Hoechst
021919Abl_EN,EN,het,Control,CH2,GFP,no.ab
021919Abl_EN,EN,het,Control,CH3,NANOG.rb,af647.rb
021919Abl_EN,EN,het,Control,CH4,BF,NA
021919Abl_EN,EN,het,Control,CH5,GATA6.gt,af568.gt
021919Abl_EN,EN,wt,Random,CH1,DNA,Hoechst
021919Abl_EN,EN,wt,Random,CH2,NANOG.rat,af488.rat
021919Abl_EN,EN,wt,Random,CH3,GATA4.rb,af647.rb
021919Abl_EN,EN,wt,Random,CH4,BF,NA
021919Abl_EN,EN,wt,Random,CH5,GATA6.gt,af568.gt
021919Abl_EO,EO,het,Ablated,CH1,DNA,Hoechst
021919Abl_EO,EO,het,Ablated,CH2,GFP,no.ab
021919Abl_EO,EO,het,Ablated,CH3,NANOG.rb,af647.rb
021919Abl_EO,EO,het,Ablated,CH4,BF,NA
021919Abl_EO,EO,het,Ablated,CH5,GATA6.gt,af568.gt
021919Abl_EO,EO,wt,Control,CH1,DNA,Hoechst
021919Abl_EO,EO,wt,Control,CH2,NANOG.rat,af488.rat
021919Abl_EO,EO,wt,Control,CH3,GATA4.rb,af647.rb
021919Abl_EO,EO,wt,Control,CH4,BF,NA
021919Abl_EO,EO,wt,Control,CH5,GATA6.gt,af568.gt
021919Abl_EO,EO,wt,Random,CH1,DNA,Hoechst
021919Abl_EO,EO,wt,Random,CH2,NANOG.rat,af488.rat
021919Abl_EO,EO,wt,Random,CH3,GATA4.rb,af647.rb
021919Abl_EO,EO,wt,Random,CH4,BF,NA
021919Abl_EO,EO,wt,Random,CH5,GATA6.gt,af568.gt
031819Abl_ES,ES,het,Ablated,CH1,DNA,Hoechst
031819Abl_ES,ES,het,Ablated,CH2,GFP,no.ab
031819Abl_ES,ES,het,Ablated,CH3,NANOG.rb,af647.rb
031819Abl_ES,ES,het,Ablated,CH4,BF,NA
031819Abl_ES,ES,het,Ablated,CH5,GATA6.gt,af568.gt
031819Abl_ES,ES,wt,Control,CH1,DNA,Hoechst
031819Abl_ES,ES,wt,Control,CH2,NANOG.rat,af488.rat
031819Abl_ES,ES,wt,Control,CH3,GATA4.rb,af647.rb
031819Abl_ES,ES,wt,Control,CH4,BF,NA
031819Abl_ES,ES,wt,Control,CH5,GATA6.gt,af568.gt
031819Abl_ES,ES,wt,Random,CH1,DNA,Hoechst
031819Abl_ES,ES,wt,Random,CH2,NANOG.rat,af488.rat
031819Abl_ES,ES,wt,Random,CH3,GATA4.rb,af647.rb
031819Abl_ES,ES,wt,Random,CH4,BF,NA
031819Abl_ES,ES,wt,Random,CH5,GATA6.gt,af568.gt
031919Abl_ET,ET,het,Ablated,CH1,DNA,Hoechst
031919Abl_ET,ET,het,Ablated,CH2,GFP,no.ab
031919Abl_ET,ET,het,Ablated,CH3,NANOG.rb,af647.rb
031919Abl_ET,ET,het,Ablated,CH4,BF,NA
031919Abl_ET,ET,het,Ablated,CH5,GATA6.gt,af568.gt
031919Abl_ET,ET,wt,Control,CH1,DNA,Hoechst
031919Abl_ET,ET,wt,Control,CH2,NANOG.rat,af488.rat
031919Abl_ET,ET,wt,Control,CH3,GATA4.rb,af647.rb
031919Abl_ET,ET,wt,Control,CH4,BF,NA
031919Abl_ET,ET,wt,Control,CH5,GATA6.gt,af568.gt
031919Abl_ET,ET,wt,Random,CH1,DNA,Hoechst
031919Abl_ET,ET,wt,Random,CH2,NANOG.rat,af488.rat
031919Abl_ET,ET,wt,Random,CH3,GATA4.rb,af647.rb
031919Abl_ET,ET,wt,Random,CH4,BF,NA
031919Abl_ET,ET,wt,Random,CH5,GATA6.gt,af568.gt
032019Abl_EU,EU,het,Ablated,CH1,DNA,Hoechst
032019Abl_EU,EU,het,Ablated,CH2,GFP,no.ab
032019Abl_EU,EU,het,Ablated,CH3,NANOG.rb,af647.rb
032019Abl_EU,EU,het,Ablated,CH4,BF,NA
032019Abl_EU,EU,het,Ablated,CH5,GATA6.gt,af568.gt
032019Abl_EU,EU,wt,Control,CH1,DNA,Hoechst
032019Abl_EU,EU,wt,Control,CH2,NANOG.rat,af488.rat
032019Abl_EU,EU,wt,Control,CH3,GATA4.rb,af647.rb
032019Abl_EU,EU,wt,Control,CH4,BF,NA
032019Abl_EU,EU,wt,Control,CH5,GATA6.gt,af568.gt
032019Abl_EU,EU,wt,Random,CH1,DNA,Hoechst
032019Abl_EU,EU,wt,Random,CH2,NANOG.rat,af488.rat
032019Abl_EU,EU,wt,Random,CH3,GATA4.rb,af647.rb
032019Abl_EU,EU,wt,Random,CH4,BF,NA
032019Abl_EU,EU,wt,Random,CH5,GATA6.gt,af568.gt
032819Abl_EV,EV,het,Ablated,CH1,DNA,Hoechst
032819Abl_EV,EV,het,Ablated,CH2,GFP,no.ab
032819Abl_EV,EV,het,Ablated,CH3,NANOG.rb,af647.rb
032819Abl_EV,EV,het,Ablated,CH4,BF,NA
032819Abl_EV,EV,het,Ablated,CH5,GATA6.gt,af568.gt
032819Abl_EV,EV,wt,Control,CH1,DNA,Hoechst
032819Abl_EV,EV,wt,Control,CH2,NANOG.rat,af488.rat
032819Abl_EV,EV,wt,Control,CH3,GATA4.rb,af647.rb
032819Abl_EV,EV,wt,Control,CH4,BF,NA
032819Abl_EV,EV,wt,Control,CH5,GATA6.gt,af568.gt
032819Abl_EV,EV,wt,Random,CH1,DNA,Hoechst
032819Abl_EV,EV,wt,Random,CH2,NANOG.rat,af488.rat
032819Abl_EV,EV,wt,Random,CH3,GATA4.rb,af647.rb
032819Abl_EV,EV,wt,Random,CH4,BF,NA
032819Abl_EV,EV,wt,Random,CH5,GATA6.gt,af568.gt
050619Abl_EW,EW,het,Ablated,CH1,DNA,Hoechst
050619Abl_EW,EW,het,Ablated,CH2,GFP,no.ab
050619Abl_EW,EW,het,Ablated,CH3,NANOG.rb,af647.rb
050619Abl_EW,EW,het,Ablated,CH4,BF,NA
050619Abl_EW,EW,het,Ablated,CH5,GATA6.gt,af568.gt
050619Abl_EW,EW,wt,Control,CH1,DNA,Hoechst
050619Abl_EW,EW,wt,Control,CH2,NANOG.rat,af488.rat
050619Abl_EW,EW,wt,Control,CH3,GATA4.rb,af647.rb
050619Abl_EW,EW,wt,Control,CH4,BF,NA
050619Abl_EW,EW,wt,Control,CH5,GATA6.gt,af568.gt
050619Abl_EW,EW,wt,Random,CH1,DNA,Hoechst
050619Abl_EW,EW,wt,Random,CH2,NANOG.rat,af488.rat
050619Abl_EW,EW,wt,Random,CH3,GATA4.rb,af647.rb
050619Abl_EW,EW,wt,Random,CH4,BF,NA
050619Abl_EW,EW,wt,Random,CH5,GATA6.gt,af568.gt
050819Abl_EX,EX,het,Ablated,CH1,DNA,Hoechst
050819Abl_EX,EX,het,Ablated,CH2,GFP,no.ab
050819Abl_EX,EX,het,Ablated,CH3,NANOG.rb,af647.rb
050819Abl_EX,EX,het,Ablated,CH4,BF,NA
050819Abl_EX,EX,het,Ablated,CH5,GATA6.gt,af568.gt
050819Abl_EX,EX,wt,Control,CH1,DNA,Hoechst
050819Abl_EX,EX,wt,Control,CH2,NANOG.rat,af488.rat
050819Abl_EX,EX,wt,Control,CH3,GATA4.rb,af647.rb
050819Abl_EX,EX,wt,Control,CH4,BF,NA
050819Abl_EX,EX,wt,Control,CH5,GATA6.gt,af568.gt
050819Abl_EX,EX,wt,Random,CH1,DNA,Hoechst
050819Abl_EX,EX,wt,Random,CH2,NANOG.rat,af488.rat
050819Abl_EX,EX,wt,Random,CH3,GATA4.rb,af647.rb
050819Abl_EX,EX,wt,Random,CH4,BF,NA
050819Abl_EX,EX,wt,Random,CH5,GATA6.gt,af568.gt
050819Abl_EY,EY,het,Ablated,CH1,DNA,Hoechst
050819Abl_EY,EY,het,Ablated,CH2,GFP,no.ab
050819Abl_EY,EY,het,Ablated,CH3,NANOG.rb,af647.rb
050819Abl_EY,EY,het,Ablated,CH4,BF,NA
050819Abl_EY,EY,het,Ablated,CH5,GATA6.gt,af568.gt
050819Abl_EY,EY,wt,Control,CH1,DNA,Hoechst
050819Abl_EY,EY,wt,Control,CH2,NANOG.rat,af488.rat
050819Abl_EY,EY,wt,Control,CH3,GATA4.rb,af647.rb
050819Abl_EY,EY,wt,Control,CH4,BF,NA
050819Abl_EY,EY,wt,Control,CH5,GATA6.gt,af568.gt
050819Abl_EY,EY,wt,Random,CH1,DNA,Hoechst
050819Abl_EY,EY,wt,Random,CH2,NANOG.rat,af488.rat
050819Abl_EY,EY,wt,Random,CH3,GATA4.rb,af647.rb
050819Abl_EY,EY,wt,Random,CH4,BF,NA
050819Abl_EY,EY,wt,Random,CH5,GATA6.gt,af568.gt
050819Abl_EZ,EZ,het,Ablated,CH1,DNA,Hoechst
050819Abl_EZ,EZ,het,Ablated,CH2,GFP,no.ab
050819Abl_EZ,EZ,het,Ablated,CH3,NANOG.rb,af647.rb
050819Abl_EZ,EZ,het,Ablated,CH4,BF,NA
050819Abl_EZ,EZ,het,Ablated,CH5,GATA6.gt,af568.gt
050819Abl_EZ,EZ,wt,Control,CH1,DNA,Hoechst
050819Abl_EZ,EZ,wt,Control,CH2,NANOG.rat,af488.rat
050819Abl_EZ,EZ,wt,Control,CH3,GATA4.rb,af647.rb
050819Abl_EZ,EZ,wt,Control,CH4,BF,NA
050819Abl_EZ,EZ,wt,Control,CH5,GATA6.gt,af568.gt
050819Abl_EZ,EZ,wt,Random,CH1,DNA,Hoechst
050819Abl_EZ,EZ,wt,Random,CH2,NANOG.rat,af488.rat
050819Abl_EZ,EZ,wt,Random,CH3,GATA4.rb,af647.rb
050819Abl_EZ,EZ,wt,Random,CH4,BF,NA
050819Abl_EZ,EZ,wt,Random,CH5,GATA6.gt,af568.gt
051419Abl_FA,FA,het,Ablated,CH1,DNA,Hoechst
051419Abl_FA,FA,het,Ablated,CH2,GFP,no.ab
051419Abl_FA,FA,het,Ablated,CH3,NANOG.rb,af647.rb
051419Abl_FA,FA,het,Ablated,CH4,BF,NA
051419Abl_FA,FA,het,Ablated,CH5,GATA6.gt,af568.gt
051419Abl_FA,FA,wt,Control,CH1,DNA,Hoechst
051419Abl_FA,FA,wt,Control,CH2,NANOG.rat,af488.rat
051419Abl_FA,FA,wt,Control,CH3,GATA4.rb,af647.rb
051419Abl_FA,FA,wt,Control,CH4,BF,NA
051419Abl_FA,FA,wt,Control,CH5,GATA6.gt,af568.gt
051419Abl_FA,FA,wt,Random,CH1,DNA,Hoechst
051419Abl_FA,FA,wt,Random,CH2,NANOG.rat,af488.rat
051419Abl_FA,FA,wt,Random,CH3,GATA4.rb,af647.rb
051419Abl_FA,FA,wt,Random,CH4,BF,NA
051419Abl_FA,FA,wt,Random,CH5,GATA6.gt,af568.gt
052119Abl_FB,FB,het,Ablated,CH1,DNA,Hoechst
052119Abl_FB,FB,het,Ablated,CH2,GFP,no.ab
052119Abl_FB,FB,het,Ablated,CH3,NANOG.rb,af647.rb
052119Abl_FB,FB,het,Ablated,CH4,BF,NA
052119Abl_FB,FB,het,Ablated,CH5,GATA6.gt,af568.gt
052119Abl_FB,FB,wt,Control,CH1,DNA,Hoechst
052119Abl_FB,FB,wt,Control,CH2,NANOG.rat,af488.rat
052119Abl_FB,FB,wt,Control,CH3,GATA4.rb,af647.rb
052119Abl_FB,FB,wt,Control,CH4,BF,NA
052119Abl_FB,FB,wt,Control,CH5,GATA6.gt,af568.gt
052119Abl_FB,FB,wt,Random,CH1,DNA,Hoechst
052119Abl_FB,FB,wt,Random,CH2,NANOG.rat,af488.rat
052119Abl_FB,FB,wt,Random,CH3,GATA4.rb,af647.rb
052119Abl_FB,FB,wt,Random,CH4,BF,NA
052119Abl_FB,FB,wt,Random,CH5,GATA6.gt,af568.gt
052119Abl_FC,FC,het,Ablated,CH1,DNA,Hoechst
052119Abl_FC,FC,het,Ablated,CH2,GFP,no.ab
052119Abl_FC,FC,het,Ablated,CH3,NANOG.rb,af647.rb
052119Abl_FC,FC,het,Ablated,CH4,BF,NA
052119Abl_FC,FC,het,Ablated,CH5,GATA6.gt,af568.gt
052119Abl_FC,FC,wt,Control,CH1,DNA,Hoechst
052119Abl_FC,FC,wt,Control,CH2,NANOG.rat,af488.rat
052119Abl_FC,FC,wt,Control,CH3,GATA4.rb,af647.rb
052119Abl_FC,FC,wt,Control,CH4,BF,NA
052119Abl_FC,FC,wt,Control,CH5,GATA6.gt,af568.gt
052119Abl_FC,FC,wt,Random,CH1,DNA,Hoechst
052119Abl_FC,FC,wt,Random,CH2,NANOG.rat,af488.rat
052119Abl_FC,FC,wt,Random,CH3,GATA4.rb,af647.rb
052119Abl_FC,FC,wt,Random,CH4,BF,NA
052119Abl_FC,FC,wt,Random,CH5,GATA6.gt,af568.gt
052819Abl_FD,FD,het,Ablated,CH1,DNA,Hoechst
052819Abl_FD,FD,het,Ablated,CH2,GFP,no.ab
052819Abl_FD,FD,het,Ablated,CH3,NANOG.rb,af647.rb
052819Abl_FD,FD,het,Ablated,CH4,BF,NA
052819Abl_FD,FD,het,Ablated,CH5,GATA6.gt,af568.gt
052819Abl_FD,FD,wt,Control,CH1,DNA,Hoechst
052819Abl_FD,FD,wt,Control,CH2,NANOG.rat,af488.rat
052819Abl_FD,FD,wt,Control,CH3,GATA4.rb,af647.rb
052819Abl_FD,FD,wt,Control,CH4,BF,NA
052819Abl_FD,FD,wt,Control,CH5,GATA6.gt,af568.gt
052819Abl_FD,FD,wt,Random,CH1,DNA,Hoechst
052819Abl_FD,FD,wt,Random,CH2,NANOG.rat,af488.rat
052819Abl_FD,FD,wt,Random,CH3,GATA4.rb,af647.rb
052819Abl_FD,FD,wt,Random,CH4,BF,NA
052819Abl_FD,FD,wt,Random,CH5,GATA6.gt,af568.gt
070919Abl_FE,FE,het,Ablated,CH1,DNA,Hoechst
070919Abl_FE,FE,het,Ablated,CH2,GFP,no.ab
070919Abl_FE,FE,het,Ablated,CH3,NANOG.rb,af647.rb
070919Abl_FE,FE,het,Ablated,CH4,BF,NA
070919Abl_FE,FE,het,Ablated,CH5,GATA6.gt,af568.gt
070919Abl_FE,FE,wt,Control,CH1,DNA,Hoechst
070919Abl_FE,FE,wt,Control,CH2,NANOG.rat,af488.rat
070919Abl_FE,FE,wt,Control,CH3,GATA4.rb,af647.rb
070919Abl_FE,FE,wt,Control,CH4,BF,NA
070919Abl_FE,FE,wt,Control,CH5,GATA6.gt,af568.gt
070919Abl_FE,FE,wt,Random,CH1,DNA,Hoechst
070919Abl_FE,FE,wt,Random,CH2,NANOG.rat,af488.rat
070919Abl_FE,FE,wt,Random,CH3,GATA4.rb,af647.rb
070919Abl_FE,FE,wt,Random,CH4,BF,NA
070919Abl_FE,FE,wt,Random,CH5,GATA6.gt,af568.gt
070919Abl_FF,FF,het,Ablated,CH1,DNA,Hoechst
070919Abl_FF,FF,het,Ablated,CH2,GFP,no.ab
070919Abl_FF,FF,het,Ablated,CH3,NANOG.rb,af647.rb
070919Abl_FF,FF,het,Ablated,CH4,BF,NA
070919Abl_FF,FF,het,Ablated,CH5,GATA6.gt,af568.gt
070919Abl_FF,FF,wt,Control,CH1,DNA,Hoechst
070919Abl_FF,FF,wt,Control,CH2,NANOG.rat,af488.rat
070919Abl_FF,FF,wt,Control,CH3,GATA4.rb,af647.rb
070919Abl_FF,FF,wt,Control,CH4,BF,NA
070919Abl_FF,FF,wt,Control,CH5,GATA6.gt,af568.gt
070919Abl_FF,FF,wt,Random,CH1,DNA,Hoechst
070919Abl_FF,FF,wt,Random,CH2,NANOG.rat,af488.rat
070919Abl_FF,FF,wt,Random,CH3,GATA4.rb,af647.rb
070919Abl_FF,FF,wt,Random,CH4,BF,NA
070919Abl_FF,FF,wt,Random,CH5,GATA6.gt,af568.gt
082619Abl_FH,FH,het,Ablated,CH1,DNA,Hoechst
082619Abl_FH,FH,het,Ablated,CH2,GFP,no.ab
082619Abl_FH,FH,het,Ablated,CH3,NANOG.rb,af647.rb
082619Abl_FH,FH,het,Ablated,CH4,BF,NA
082619Abl_FH,FH,het,Ablated,CH5,GATA6.gt,af568.gt
082619Abl_FH,FH,wt,Control,CH1,DNA,Hoechst
082619Abl_FH,FH,wt,Control,CH2,NANOG.rat,af488.rat
082619Abl_FH,FH,wt,Control,CH3,GATA4.rb,af647.rb
082619Abl_FH,FH,wt,Control,CH4,BF,NA
082619Abl_FH,FH,wt,Control,CH5,GATA6.gt,af568.gt
082619Abl_FH,FH,wt,Random,CH1,DNA,Hoechst
082619Abl_FH,FH,wt,Random,CH2,NANOG.rat,af488.rat
082619Abl_FH,FH,wt,Random,CH3,GATA4.rb,af647.rb
082619Abl_FH,FH,wt,Random,CH4,BF,NA
082619Abl_FH,FH,wt,Random,CH5,GATA6.gt,af568.gt
082219Abl_FG,FG,wt,Littermate,CH1,DNA,Hoechst
082219Abl_FG,FG,wt,Littermate,CH2,GFP,no.ab
082219Abl_FG,FG,wt,Littermate,CH3,NANOG.rb,af647.rb
082219Abl_FG,FG,wt,Littermate,CH4,BF,NA
082219Abl_FG,FG,wt,Littermate,CH5,GATA6.gt,af568.gt
082219Abl_FG,FG,het,Littermate,CH1,DNA,Hoechst
082219Abl_FG,FG,het,Littermate,CH2,GFP,no.ab
082219Abl_FG,FG,het,Littermate,CH3,NANOG.rb,af647.rb
082219Abl_FG,FG,het,Littermate,CH4,BF,NA
082219Abl_FG,FG,het,Littermate,CH5,GATA6.gt,af568.gt
082819Abl_FI,FI,wt,Littermate,CH1,DNA,Hoechst
082819Abl_FI,FI,wt,Littermate,CH2,CDX2.m,af488.m
082819Abl_FI,FI,wt,Littermate,CH3,NANOG.rb,af647.rb
082819Abl_FI,FI,wt,Littermate,CH4,BF,NA
082819Abl_FI,FI,wt,Littermate,CH5,GATA6.gt,af568.gt
082819Abl_FJ,FJ,wt,Littermate,CH1,DNA,Hoechst
082819Abl_FJ,FJ,wt,Littermate,CH2,CDX2.m,af488.m
082819Abl_FJ,FJ,wt,Littermate,CH3,NANOG.rb,af647.rb
082819Abl_FJ,FJ,wt,Littermate,CH4,BF,NA
082819Abl_FJ,FJ,wt,Littermate,CH5,GATA6.gt,af568.gt
092319Abl_FK,FK,het,Ablated,CH1,DNA,Hoechst
092319Abl_FK,FK,het,Ablated,CH2,GFP,no.ab
092319Abl_FK,FK,het,Ablated,CH3,NANOG.rb,af647.rb
092319Abl_FK,FK,het,Ablated,CH4,BF,NA
092319Abl_FK,FK,het,Ablated,CH5,GATA6.gt,af568.gt
092319Abl_FK,FK,wt,Control,CH1,DNA,Hoechst
092319Abl_FK,FK,wt,Control,CH2,NANOG.rat,af488.rat
092319Abl_FK,FK,wt,Control,CH3,GATA4.rb,af647.rb
092319Abl_FK,FK,wt,Control,CH4,BF,NA
092319Abl_FK,FK,wt,Control,CH5,GATA6.gt,af568.gt
092319Abl_FK,FK,wt,Random,CH1,DNA,Hoechst
092319Abl_FK,FK,wt,Random,CH2,NANOG.rat,af488.rat
092319Abl_FK,FK,wt,Random,CH3,GATA4.rb,af647.rb
092319Abl_FK,FK,wt,Random,CH4,BF,NA
092319Abl_FK,FK,wt,Random,CH5,GATA6.gt,af568.gt
100719Abl_FL,FL,wt,Control,CH1,DNA,Hoechst
100719Abl_FL,FL,wt,Control,CH2,NANOG.rat,af488.rat
100719Abl_FL,FL,wt,Control,CH3,GATA4.rb,af647.rb
100719Abl_FL,FL,wt,Control,CH4,BF,NA
100719Abl_FL,FL,wt,Control,CH5,GATA6.gt,af568.gt
100719Abl_FL,FL,het,Control,CH1,DNA,Hoechst
100719Abl_FL,FL,het,Control,CH2,GFP,no.ab
100719Abl_FL,FL,het,Control,CH3,NANOG.rb,af647.rb
100719Abl_FL,FL,het,Control,CH4,BF,NA
100719Abl_FL,FL,het,Control,CH5,GATA6.gt,af568.gt
100719Abl_FL,FL,het,Ablated,CH1,DNA,Hoechst
100719Abl_FL,FL,het,Ablated,CH2,GFP,no.ab
100719Abl_FL,FL,het,Ablated,CH3,NANOG.rb,af647.rb
100719Abl_FL,FL,het,Ablated,CH4,BF,NA
100719Abl_FL,FL,het,Ablated,CH5,GATA6.gt,af568.gt
100719Abl_FL,FL,wt,Random,CH1,DNA,Hoechst
100719Abl_FL,FL,wt,Random,CH2,NANOG.rat,af488.rat
100719Abl_FL,FL,wt,Random,CH3,GATA4.rb,af647.rb
100719Abl_FL,FL,wt,Random,CH4,BF,NA
100719Abl_FL,FL,wt,Random,CH5,GATA6.gt,af568.gt
100719Abl_FM,FM,wt,Control,CH1,DNA,Hoechst
100719Abl_FM,FM,wt,Control,CH2,NANOG.rat,af488.rat
100719Abl_FM,FM,wt,Control,CH3,GATA4.rb,af647.rb
100719Abl_FM,FM,wt,Control,CH4,BF,NA
100719Abl_FM,FM,wt,Control,CH5,GATA6.gt,af568.gt
100719Abl_FM,FM,het,Control,CH1,DNA,Hoechst
100719Abl_FM,FM,het,Control,CH2,GFP,no.ab
100719Abl_FM,FM,het,Control,CH3,NANOG.rb,af647.rb
100719Abl_FM,FM,het,Control,CH4,BF,NA
100719Abl_FM,FM,het,Control,CH5,GATA6.gt,af568.gt
100719Abl_FM,FM,het,Ablated,CH1,DNA,Hoechst
100719Abl_FM,FM,het,Ablated,CH2,GFP,no.ab
100719Abl_FM,FM,het,Ablated,CH3,NANOG.rb,af647.rb
100719Abl_FM,FM,het,Ablated,CH4,BF,NA
100719Abl_FM,FM,het,Ablated,CH5,GATA6.gt,af568.gt
100719Abl_FM,FM,wt,Random,CH1,DNA,Hoechst
100719Abl_FM,FM,wt,Random,CH2,NANOG.rat,af488.rat
100719Abl_FM,FM,wt,Random,CH3,GATA4.rb,af647.rb
100719Abl_FM,FM,wt,Random,CH4,BF,NA
100719Abl_FM,FM,wt,Random,CH5,GATA6.gt,af568.gt
100819Abl_FN,FN,wt,Control,CH1,DNA,Hoechst
100819Abl_FN,FN,wt,Control,CH2,NANOG.rat,af488.rat
100819Abl_FN,FN,wt,Control,CH3,GATA4.rb,af647.rb
100819Abl_FN,FN,wt,Control,CH4,BF,NA
100819Abl_FN,FN,wt,Control,CH5,GATA6.gt,af568.gt
100819Abl_FN,FN,het,Control,CH1,DNA,Hoechst
100819Abl_FN,FN,het,Control,CH2,GFP,no.ab
100819Abl_FN,FN,het,Control,CH3,NANOG.rb,af647.rb
100819Abl_FN,FN,het,Control,CH4,BF,NA
100819Abl_FN,FN,het,Control,CH5,GATA6.gt,af568.gt
100819Abl_FN,FN,het,Ablated,CH1,DNA,Hoechst
100819Abl_FN,FN,het,Ablated,CH2,GFP,no.ab
100819Abl_FN,FN,het,Ablated,CH3,NANOG.rb,af647.rb
100819Abl_FN,FN,het,Ablated,CH4,BF,NA
100819Abl_FN,FN,het,Ablated,CH5,GATA6.gt,af568.gt
100819Abl_FN,FN,wt,Random,CH1,DNA,Hoechst
100819Abl_FN,FN,wt,Random,CH2,NANOG.rat,af488.rat
100819Abl_FN,FN,wt,Random,CH3,GATA4.rb,af647.rb
100819Abl_FN,FN,wt,Random,CH4,BF,NA
100819Abl_FN,FN,wt,Random,CH5,GATA6.gt,af568.gt