Experiment,Treatment,Channel,Marker,ab.2
020216Xim_WT_JK,Chimera,CH1,DNA,Hoechst
020216Xim_WT_JK,Chimera,CH2,GFP,no.ab
020216Xim_WT_JK,Chimera,CH3,NANOG.rb,af647.rb
020216Xim_WT_JK,Chimera,CH4,BF,NA
020216Xim_WT_JK,Chimera,CH5,GATA6.gt,af568.gt
020216Xim_WT_JK,Control,CH1,DNA,Hoechst
020216Xim_WT_JK,Control,CH2,CDX2.m,af488.m
020216Xim_WT_JK,Control,CH3,NANOG.rb,af647.rb
020216Xim_WT_JK,Control,CH4,BF,NA
020216Xim_WT_JK,Control,CH5,GATA6.gt,af568.gt
020216Xim_F4KO_L,Chimera,CH1,DNA,Hoechst
020216Xim_F4KO_L,Chimera,CH2,GFP,no.ab
020216Xim_F4KO_L,Chimera,CH3,NANOG.rb,af647.rb
020216Xim_F4KO_L,Chimera,CH4,BF,NA
020216Xim_F4KO_L,Chimera,CH5,GATA6.gt,af568.gt
020216Xim_F4KO_L,Control,CH1,DNA,Hoechst
020216Xim_F4KO_L,Control,CH2,CDX2.m,af488.m
020216Xim_F4KO_L,Control,CH3,NANOG.rb,af647.rb
020216Xim_F4KO_L,Control,CH4,BF,NA
020216Xim_F4KO_L,Control,CH5,GATA6.gt,af568.gt
020316Xim_WT_MN,Chimera,CH1,DNA,Hoechst
020316Xim_WT_MN,Chimera,CH2,GFP,no.ab
020316Xim_WT_MN,Chimera,CH3,NANOG.rb,af647.rb
020316Xim_WT_MN,Chimera,CH4,BF,NA
020316Xim_WT_MN,Chimera,CH5,GATA6.gt,af568.gt
020316Xim_WT_MN,Control,CH1,DNA,Hoechst
020316Xim_WT_MN,Control,CH2,CDX2.m,af488.m
020316Xim_WT_MN,Control,CH3,NANOG.rb,af647.rb
020316Xim_WT_MN,Control,CH4,BF,NA
020316Xim_WT_MN,Control,CH5,GATA6.gt,af568.gt
020416Xim_F4KO_O,Chimera,CH1,DNA,Hoechst
020416Xim_F4KO_O,Chimera,CH2,GFP,no.ab
020416Xim_F4KO_O,Chimera,CH3,NANOG.rb,af647.rb
020416Xim_F4KO_O,Chimera,CH4,BF,NA
020416Xim_F4KO_O,Chimera,CH5,GATA6.gt,af568.gt
020416Xim_F4KO_O,Control,CH1,DNA,Hoechst
020416Xim_F4KO_O,Control,CH2,CDX2.m,af488.m
020416Xim_F4KO_O,Control,CH3,NANOG.rb,af647.rb
020416Xim_F4KO_O,Control,CH4,BF,NA
020416Xim_F4KO_O,Control,CH5,GATA6.gt,af568.gt
020916Xim_F4KO_P,Chimera,CH1,DNA,Hoechst
020916Xim_F4KO_P,Chimera,CH2,GFP,no.ab
020916Xim_F4KO_P,Chimera,CH3,NANOG.rb,af647.rb
020916Xim_F4KO_P,Chimera,CH4,BF,NA
020916Xim_F4KO_P,Chimera,CH5,GATA6.gt,af568.gt
020916Xim_F4KO_P,Control,CH1,DNA,Hoechst
020916Xim_F4KO_P,Control,CH2,CDX2.m,af488.m
020916Xim_F4KO_P,Control,CH3,NANOG.rb,af647.rb
020916Xim_F4KO_P,Control,CH4,BF,NA
020916Xim_F4KO_P,Control,CH5,GATA6.gt,af568.gt
021016Xim_F4KO_Q,Chimera,CH1,DNA,Hoechst
021016Xim_F4KO_Q,Chimera,CH2,GFP,no.ab
021016Xim_F4KO_Q,Chimera,CH3,NANOG.rb,af647.rb
021016Xim_F4KO_Q,Chimera,CH4,BF,NA
021016Xim_F4KO_Q,Chimera,CH5,GATA6.gt,af568.gt
021016Xim_F4KO_Q,Control,CH1,DNA,Hoechst
021016Xim_F4KO_Q,Control,CH2,CDX2.m,af488.m
021016Xim_F4KO_Q,Control,CH3,NANOG.rb,af647.rb
021016Xim_F4KO_Q,Control,CH4,BF,NA
021016Xim_F4KO_Q,Control,CH5,GATA6.gt,af568.gt
071916Xim_WT_T,Chimera,CH1,DNA,Hoechst
071916Xim_WT_T,Chimera,CH2,GFP,no.ab
071916Xim_WT_T,Chimera,CH3,NANOG.rb,af647.rb
071916Xim_WT_T,Chimera,CH4,BF,NA
071916Xim_WT_T,Chimera,CH5,GATA6.gt,af568.gt
071916Xim_WT_T,Control,CH1,DNA,Hoechst
071916Xim_WT_T,Control,CH2,CDX2.m,af488.m
071916Xim_WT_T,Control,CH3,NANOG.rb,af647.rb
071916Xim_WT_T,Control,CH4,BF,NA
071916Xim_WT_T,Control,CH5,GATA6.gt,af568.gt
072016Xim_F4KO_U,Chimera,CH1,DNA,Hoechst
072016Xim_F4KO_U,Chimera,CH2,GFP,no.ab
072016Xim_F4KO_U,Chimera,CH3,NANOG.rb,af647.rb
072016Xim_F4KO_U,Chimera,CH4,BF,NA
072016Xim_F4KO_U,Chimera,CH5,GATA6.gt,af568.gt
072016Xim_F4KO_U,Control,CH1,DNA,Hoechst
072016Xim_F4KO_U,Control,CH2,CDX2.m,af488.m
072016Xim_F4KO_U,Control,CH3,NANOG.rb,af647.rb
072016Xim_F4KO_U,Control,CH4,BF,NA
072016Xim_F4KO_U,Control,CH5,GATA6.gt,af568.gt
033117Xim_F4KO_AC,Chimera,CH1,DNA,Hoechst
033117Xim_F4KO_AC,Chimera,CH2,GFP,no.ab
033117Xim_F4KO_AC,Chimera,CH3,NANOG.rb,af647.rb
033117Xim_F4KO_AC,Chimera,CH4,BF,NA
033117Xim_F4KO_AC,Chimera,CH5,GATA6.gt,af568.gt
033117Xim_F4KO_AC,Control,CH1,DNA,Hoechst
033117Xim_F4KO_AC,Control,CH2,CDX2.m,af488.m
033117Xim_F4KO_AC,Control,CH3,NANOG.rb,af647.rb
033117Xim_F4KO_AC,Control,CH4,BF,NA
033117Xim_F4KO_AC,Control,CH5,GATA6.gt,af568.gt
040517Xim_F4KO_AD,Chimera,CH1,DNA,Hoechst
040517Xim_F4KO_AD,Chimera,CH2,GFP,no.ab
040517Xim_F4KO_AD,Chimera,CH3,NANOG.rb,af647.rb
040517Xim_F4KO_AD,Chimera,CH4,BF,NA
040517Xim_F4KO_AD,Chimera,CH5,GATA6.gt,af568.gt
040517Xim_F4KO_AD,Control,CH1,DNA,Hoechst
040517Xim_F4KO_AD,Control,CH2,CDX2.m,af488.m
040517Xim_F4KO_AD,Control,CH3,NANOG.rb,af647.rb
040517Xim_F4KO_AD,Control,CH4,BF,NA
040517Xim_F4KO_AD,Control,CH5,GATA6.gt,af568.gt
040717Xim_F4KO_AE,Chimera,CH1,DNA,Hoechst
040717Xim_F4KO_AE,Chimera,CH2,GFP,no.ab
040717Xim_F4KO_AE,Chimera,CH3,NANOG.rb,af647.rb
040717Xim_F4KO_AE,Chimera,CH4,BF,NA
040717Xim_F4KO_AE,Chimera,CH5,GATA6.gt,af568.gt
040717Xim_F4KO_AE,Control,CH1,DNA,Hoechst
040717Xim_F4KO_AE,Control,CH2,CDX2.m,af488.m
040717Xim_F4KO_AE,Control,CH3,NANOG.rb,af647.rb
040717Xim_F4KO_AE,Control,CH4,BF,NA
040717Xim_F4KO_AE,Control,CH5,GATA6.gt,af568.gt
041417Xim_F4KO_AF,Chimera,CH1,DNA,Hoechst
041417Xim_F4KO_AF,Chimera,CH2,GFP,no.ab
041417Xim_F4KO_AF,Chimera,CH3,NANOG.rb,af647.rb
041417Xim_F4KO_AF,Chimera,CH4,BF,NA
041417Xim_F4KO_AF,Chimera,CH5,GATA6.gt,af568.gt
041417Xim_F4KO_AF,Control,CH1,DNA,Hoechst
041417Xim_F4KO_AF,Control,CH2,CDX2.m,af488.m
041417Xim_F4KO_AF,Control,CH3,NANOG.rb,af647.rb
041417Xim_F4KO_AF,Control,CH4,BF,NA
041417Xim_F4KO_AF,Control,CH5,GATA6.gt,af568.gt
041417Xim_F4KO_AG,Chimera,CH1,DNA,Hoechst
041417Xim_F4KO_AG,Chimera,CH2,GFP,no.ab
041417Xim_F4KO_AG,Chimera,CH3,NANOG.rb,af647.rb
041417Xim_F4KO_AG,Chimera,CH4,BF,NA
041417Xim_F4KO_AG,Chimera,CH5,GATA6.gt,af568.gt
041417Xim_F4KO_AG,Control,CH1,DNA,Hoechst
041417Xim_F4KO_AG,Control,CH2,CDX2.m,af488.m
041417Xim_F4KO_AG,Control,CH3,NANOG.rb,af647.rb
041417Xim_F4KO_AG,Control,CH4,BF,NA
041417Xim_F4KO_AG,Control,CH5,GATA6.gt,af568.gt
041817Xim_F4KO_AH,Control,CH1,DNA,Hoechst
041817Xim_F4KO_AH,Control,CH2,GFP,no.ab
041817Xim_F4KO_AH,Control,CH3,NANOG.rb,af647.rb
041817Xim_F4KO_AH,Control,CH4,BF,NA
041817Xim_F4KO_AH,Control,CH5,GATA6.gt,af568.gt
042817Xim_F4KO_AK,Control,CH1,DNA,Hoechst
042817Xim_F4KO_AK,Control,CH2,GATA6.gt,af488.gt
042817Xim_F4KO_AK,Control,CH3,NANOG.rb,af647.rb
042817Xim_F4KO_AK,Control,CH4,BF,NA
042817Xim_F4KO_AK,Control,CH5,CDX2.m,af555.m
042817Xim_F4KO_AK,Chimera,CH1,DNA,Hoechst
042817Xim_F4KO_AK,Chimera,CH2,GATA6.gt,af488.gt
042817Xim_F4KO_AK,Chimera,CH3,NANOG.rb,af647.rb
042817Xim_F4KO_AK,Chimera,CH4,BF,NA
042817Xim_F4KO_AK,Chimera,CH5,mCherry,no.ab
111317Xim_WT_AR,Chimera,CH1,DNA,Hoechst
111317Xim_WT_AR,Chimera,CH2,GATA6.gt,af488.gt
111317Xim_WT_AR,Chimera,CH3,NANOG.rb,af647.rb
111317Xim_WT_AR,Chimera,CH4,BF,NA
111317Xim_WT_AR,Chimera,CH5,mCherry,no.ab
111317Xim_WT_AR,Control,CH1,DNA,Hoechst
111317Xim_WT_AR,Control,CH2,GATA6.gt,af488.gt
111317Xim_WT_AR,Control,CH3,NANOG.rb,af647.rb
111317Xim_WT_AR,Control,CH4,BF,NA
111317Xim_WT_AR,Control,CH5,CDX2.m,af555.m
111317Xim_WT_AS,Chimera,CH1,DNA,Hoechst
111317Xim_WT_AS,Chimera,CH2,GATA6.gt,af488.gt
111317Xim_WT_AS,Chimera,CH3,NANOG.rb,af647.rb
111317Xim_WT_AS,Chimera,CH4,BF,NA
111317Xim_WT_AS,Chimera,CH5,mCherry,no.ab
111317Xim_WT_AS,Control,CH1,DNA,Hoechst
111317Xim_WT_AS,Control,CH2,GATA6.gt,af488.gt
111317Xim_WT_AS,Control,CH3,NANOG.rb,af647.rb
111317Xim_WT_AS,Control,CH4,BF,NA
111317Xim_WT_AS,Control,CH5,CDX2.m,af555.m
111317Xim_WT_AT,Chimera,CH1,DNA,Hoechst
111317Xim_WT_AT,Chimera,CH2,GATA6.gt,af488.gt
111317Xim_WT_AT,Chimera,CH3,NANOG.rb,af647.rb
111317Xim_WT_AT,Chimera,CH4,BF,NA
111317Xim_WT_AT,Chimera,CH5,mCherry,no.ab
021418Xim_WT_AU,Control,CH1,DNA,Hoechst
021418Xim_WT_AU,Control,CH2,SOX2.rat,af488.rat
021418Xim_WT_AU,Control,CH3,NANOG.rb,af647.rb
021418Xim_WT_AU,Control,CH4,BF,NA
021418Xim_WT_AU,Control,CH5,GATA6.gt,af568.gt
021418Xim_WT_AU,Chimera,CH1,DNA,Hoechst
021418Xim_WT_AU,Chimera,CH2,GFP.ck,af488.ck
021418Xim_WT_AU,Chimera,CH3,NANOG.rb,af647.rb
021418Xim_WT_AU,Chimera,CH4,BF,NA
021418Xim_WT_AU,Chimera,CH5,GATA6.gt,af568.gt
021418Xim_WT_AV,Control,CH1,DNA,Hoechst
021418Xim_WT_AV,Control,CH2,SOX2.rat,af488.rat
021418Xim_WT_AV,Control,CH3,NANOG.rb,af647.rb
021418Xim_WT_AV,Control,CH4,BF,NA
021418Xim_WT_AV,Control,CH5,GATA6.gt,af568.gt
021418Xim_WT_AV,Chimera,CH1,DNA,Hoechst
021418Xim_WT_AV,Chimera,CH2,GFP.ck,af488.ck
021418Xim_WT_AV,Chimera,CH3,NANOG.rb,af647.rb
021418Xim_WT_AV,Chimera,CH4,BF,NA
021418Xim_WT_AV,Chimera,CH5,GATA6.gt,af568.gt
021418Xim_WT_AW,Control,CH1,DNA,Hoechst
021418Xim_WT_AW,Control,CH2,GATA6.gt,af488.gt
021418Xim_WT_AW,Control,CH3,NANOG.rb,af647.rb
021418Xim_WT_AW,Control,CH4,BF,NA
021418Xim_WT_AW,Control,CH5,SOX2.rat,af594.rat
021418Xim_WT_AW,Chimera,CH1,DNA,Hoechst
021418Xim_WT_AW,Chimera,CH2,GATA6.gt,af488.gt
021418Xim_WT_AW,Chimera,CH3,NANOG.rb,af647.rb
021418Xim_WT_AW,Chimera,CH4,BF,NA
021418Xim_WT_AW,Chimera,CH5,tdTomato,no.ab
021418Xim_WT_AX,Control,CH1,DNA,Hoechst
021418Xim_WT_AX,Control,CH2,GATA6.gt,af488.gt
021418Xim_WT_AX,Control,CH3,NANOG.rb,af647.rb
021418Xim_WT_AX,Control,CH4,BF,NA
021418Xim_WT_AX,Control,CH5,SOX2.rat,af594.rat
021418Xim_WT_AX,Chimera,CH1,DNA,Hoechst
021418Xim_WT_AX,Chimera,CH2,GATA6.gt,af488.gt
021418Xim_WT_AX,Chimera,CH3,NANOG.rb,af647.rb
021418Xim_WT_AX,Chimera,CH4,BF,NA
021418Xim_WT_AX,Chimera,CH5,tdTomato,no.ab
022218Xim_WT_AY,Control,CH1,DNA,Hoechst
022218Xim_WT_AY,Control,CH2,GATA6.gt,af488.gt
022218Xim_WT_AY,Control,CH3,NANOG.rb,af647.rb
022218Xim_WT_AY,Control,CH4,BF,NA
022218Xim_WT_AY,Control,CH5,SOX2.rat,af594.rat
022218Xim_WT_AY,Chimera,CH1,DNA,Hoechst
022218Xim_WT_AY,Chimera,CH2,GATA6.gt,af488.gt
022218Xim_WT_AY,Chimera,CH3,NANOG.rb,af647.rb
022218Xim_WT_AY,Chimera,CH4,BF,NA
022218Xim_WT_AY,Chimera,CH5,tdTomato,no.ab
022218Xim_WT_AZ,Control,CH1,DNA,Hoechst
022218Xim_WT_AZ,Control,CH2,GATA6.gt,af488.gt
022218Xim_WT_AZ,Control,CH3,NANOG.rb,af647.rb
022218Xim_WT_AZ,Control,CH4,BF,NA
022218Xim_WT_AZ,Control,CH5,SOX2.rat,af594.rat
022218Xim_WT_AZ,Chimera,CH1,DNA,Hoechst
022218Xim_WT_AZ,Chimera,CH2,GATA6.gt,af488.gt
022218Xim_WT_AZ,Chimera,CH3,NANOG.rb,af647.rb
022218Xim_WT_AZ,Chimera,CH4,BF,NA
022218Xim_WT_AZ,Chimera,CH5,tdTomato,no.ab
022218Xim_WT_BA,Control,CH1,DNA,Hoechst
022218Xim_WT_BA,Control,CH2,GATA6.gt,af488.gt
022218Xim_WT_BA,Control,CH3,NANOG.rb,af647.rb
022218Xim_WT_BA,Control,CH4,BF,NA
022218Xim_WT_BA,Control,CH5,SOX2.rat,af594.rat
022218Xim_WT_BA,Chimera,CH1,DNA,Hoechst
022218Xim_WT_BA,Chimera,CH2,GATA6.gt,af488.gt
022218Xim_WT_BA,Chimera,CH3,NANOG.rb,af647.rb
022218Xim_WT_BA,Chimera,CH4,BF,NA
022218Xim_WT_BA,Chimera,CH5,tdTomato,no.ab
040518Xim_WT_BE,Control,CH1,DNA,Hoechst
040518Xim_WT_BE,Control,CH2,NANOG.rat,af488.rat
040518Xim_WT_BE,Control,CH3,GATA6.rb,af647.rb
040518Xim_WT_BE,Control,CH4,BF,NA
040518Xim_WT_BE,Control,CH5,SOX17.gt,af568.gt
040518Xim_WT_BE,Chimera,CH1,DNA,Hoechst
040518Xim_WT_BE,Chimera,CH2,NANOG.rat,af488.rat
040518Xim_WT_BE,Chimera,CH3,GATA6.rb,af647.rb
040518Xim_WT_BE,Chimera,CH4,BF,NA
040518Xim_WT_BE,Chimera,CH5,tdTomato,no.ab
040518Xim_WT_BF,Control,CH1,DNA,Hoechst
040518Xim_WT_BF,Control,CH2,NANOG.rat,af488.rat
040518Xim_WT_BF,Control,CH3,GATA6.rb,af647.rb
040518Xim_WT_BF,Control,CH4,BF,NA
040518Xim_WT_BF,Control,CH5,SOX17.gt,af568.gt
040518Xim_WT_BF,Chimera,CH1,DNA,Hoechst
040518Xim_WT_BF,Chimera,CH2,NANOG.rat,af488.rat
040518Xim_WT_BF,Chimera,CH3,GATA6.rb,af647.rb
040518Xim_WT_BF,Chimera,CH4,BF,NA
040518Xim_WT_BF,Chimera,CH5,tdTomato,no.ab
040518Xim_WT_BG,Control,CH1,DNA,Hoechst
040518Xim_WT_BG,Control,CH2,NANOG.rat,af488.rat
040518Xim_WT_BG,Control,CH3,GATA6.rb,af647.rb
040518Xim_WT_BG,Control,CH4,BF,NA
040518Xim_WT_BG,Control,CH5,SOX17.gt,af568.gt
040518Xim_WT_BG,Chimera,CH1,DNA,Hoechst
040518Xim_WT_BG,Chimera,CH2,NANOG.rat,af488.rat
040518Xim_WT_BG,Chimera,CH3,GATA6.rb,af647.rb
040518Xim_WT_BG,Chimera,CH4,BF,NA
040518Xim_WT_BG,Chimera,CH5,tdTomato,no.ab
041218Xim_WT_BH,Control,CH1,DNA,Hoechst
041218Xim_WT_BH,Control,CH2,NANOG.rat,af488.rat
041218Xim_WT_BH,Control,CH3,GATA6.rb,af647.rb
041218Xim_WT_BH,Control,CH4,BF,NA
041218Xim_WT_BH,Control,CH5,SOX17.gt,af568.gt
041218Xim_WT_BH,Chimera,CH1,DNA,Hoechst
041218Xim_WT_BH,Chimera,CH2,NANOG.rat,af488.rat
041218Xim_WT_BH,Chimera,CH3,GATA6.rb,af647.rb
041218Xim_WT_BH,Chimera,CH4,BF,NA
041218Xim_WT_BH,Chimera,CH5,tdTomato,no.ab
041218Xim_WT_BH,Littermate,CH1,DNA,Hoechst
041218Xim_WT_BH,Littermate,CH2,NANOG.rat,af488.rat
041218Xim_WT_BH,Littermate,CH3,GATA6.rb,af647.rb
041218Xim_WT_BH,Littermate,CH4,BF,NA
041218Xim_WT_BH,Littermate,CH5,SOX17.gt,af568.gt
041218Xim_WT_BI,Control,CH1,DNA,Hoechst
041218Xim_WT_BI,Control,CH2,NANOG.rat,af488.rat
041218Xim_WT_BI,Control,CH3,GATA6.rb,af647.rb
041218Xim_WT_BI,Control,CH4,BF,NA
041218Xim_WT_BI,Control,CH5,SOX17.gt,af568.gt
041218Xim_WT_BI,Chimera,CH1,DNA,Hoechst
041218Xim_WT_BI,Chimera,CH2,NANOG.rat,af488.rat
041218Xim_WT_BI,Chimera,CH3,GATA6.rb,af647.rb
041218Xim_WT_BI,Chimera,CH4,BF,NA
041218Xim_WT_BI,Chimera,CH5,tdTomato,no.ab
041218Xim_WT_BI,Littermate,CH1,DNA,Hoechst
041218Xim_WT_BI,Littermate,CH2,NANOG.rat,af488.rat
041218Xim_WT_BI,Littermate,CH3,GATA6.rb,af647.rb
041218Xim_WT_BI,Littermate,CH4,BF,NA
041218Xim_WT_BI,Littermate,CH5,SOX17.gt,af568.gt
041218Xim_WT_BJ,Control,CH1,DNA,Hoechst
041218Xim_WT_BJ,Control,CH2,NANOG.rat,af488.rat
041218Xim_WT_BJ,Control,CH3,GATA6.rb,af647.rb
041218Xim_WT_BJ,Control,CH4,BF,NA
041218Xim_WT_BJ,Control,CH5,SOX17.gt,af568.gt
041218Xim_WT_BJ,Chimera,CH1,DNA,Hoechst
041218Xim_WT_BJ,Chimera,CH2,NANOG.rat,af488.rat
041218Xim_WT_BJ,Chimera,CH3,GATA6.rb,af647.rb
041218Xim_WT_BJ,Chimera,CH4,BF,NA
041218Xim_WT_BJ,Chimera,CH5,tdTomato,no.ab
071318Xim_WT_BV,Control,CH1,DNA,Hoechst
071318Xim_WT_BV,Control,CH2,NANOG.rat,af488.rat
071318Xim_WT_BV,Control,CH3,GATA6.rb,af647.rb
071318Xim_WT_BV,Control,CH4,BF,NA
071318Xim_WT_BV,Control,CH5,tdTomato,no.ab
071318Xim_WT_BV,Chimera,CH1,DNA,Hoechst
071318Xim_WT_BV,Chimera,CH2,NANOG.rat,af488.rat
071318Xim_WT_BV,Chimera,CH3,GATA6.rb,af647.rb
071318Xim_WT_BV,Chimera,CH4,BF,NA
071318Xim_WT_BV,Chimera,CH5,tdTomato,no.ab
071318Xim_F4_BW,Chimera,CH1,DNA,Hoechst
071318Xim_F4_BW,Chimera,CH2,NANOG.rat,af488.rat
071318Xim_F4_BW,Chimera,CH3,GATA6.rb,af647.rb
071318Xim_F4_BW,Chimera,CH4,BF,NA
071318Xim_F4_BW,Chimera,CH5,tdTomato,no.ab
071518Xim_WT_BX,Control,CH1,DNA,Hoechst
071518Xim_WT_BX,Control,CH2,NANOG.rat,af488.rat
071518Xim_WT_BX,Control,CH3,GATA6.rb,af647.rb
071518Xim_WT_BX,Control,CH4,BF,NA
071518Xim_WT_BX,Control,CH5,tdTomato,no.ab
071518Xim_WT_BX,Chimera,CH1,DNA,Hoechst
071518Xim_WT_BX,Chimera,CH2,NANOG.rat,af488.rat
071518Xim_WT_BX,Chimera,CH3,GATA6.rb,af647.rb
071518Xim_WT_BX,Chimera,CH4,BF,NA
071518Xim_WT_BX,Chimera,CH5,tdTomato,no.ab
071518Xim_WT_BX,Littermate,CH1,,
071518Xim_WT_BX,Littermate,CH2,,
071518Xim_WT_BX,Littermate,CH3,,
071518Xim_WT_BX,Littermate,CH4,,
071518Xim_WT_BX,Littermate,CH5,,
071518Xim_F4_BY,Control,CH1,DNA,Hoechst
071518Xim_F4_BY,Control,CH2,NANOG.rat,af488.rat
071518Xim_F4_BY,Control,CH3,GATA6.rb,af647.rb
071518Xim_F4_BY,Control,CH4,BF,NA
071518Xim_F4_BY,Control,CH5,tdTomato,no.ab
071518Xim_F4_BY,Chimera,CH1,DNA,Hoechst
071518Xim_F4_BY,Chimera,CH2,NANOG.rat,af488.rat
071518Xim_F4_BY,Chimera,CH3,GATA6.rb,af647.rb
071518Xim_F4_BY,Chimera,CH4,BF,NA
071518Xim_F4_BY,Chimera,CH5,tdTomato,no.ab
071518Xim_F4_BY,Littermate,CH1,,
071518Xim_F4_BY,Littermate,CH2,,
071518Xim_F4_BY,Littermate,CH3,,
071518Xim_F4_BY,Littermate,CH4,,
071518Xim_F4_BY,Littermate,CH5,,
071618Xim_WT_BZ,Control,CH1,DNA,Hoechst
071618Xim_WT_BZ,Control,CH2,NANOG.rat,af488.rat
071618Xim_WT_BZ,Control,CH3,GATA6.rb,af647.rb
071618Xim_WT_BZ,Control,CH4,BF,NA
071618Xim_WT_BZ,Control,CH5,tdTomato,no.ab
071618Xim_WT_BZ,Chimera,CH1,DNA,Hoechst
071618Xim_WT_BZ,Chimera,CH2,NANOG.rat,af488.rat
071618Xim_WT_BZ,Chimera,CH3,GATA6.rb,af647.rb
071618Xim_WT_BZ,Chimera,CH4,BF,NA
071618Xim_WT_BZ,Chimera,CH5,tdTomato,no.ab
071618Xim_WT_BZ,Littermate,CH1,DNA,Hoechst
071618Xim_WT_BZ,Littermate,CH2,NANOG.rat,af488.rat
071618Xim_WT_BZ,Littermate,CH3,GATA4.rb,af647.rb
071618Xim_WT_BZ,Littermate,CH4,BF,NA
071618Xim_WT_BZ,Littermate,CH5,GATA6.gt,af568.gt
071618Xim_WT_CA,Control,CH1,DNA,Hoechst
071618Xim_WT_CA,Control,CH2,NANOG.rat,af488.rat
071618Xim_WT_CA,Control,CH3,GATA6.rb,af647.rb
071618Xim_WT_CA,Control,CH4,BF,NA
071618Xim_WT_CA,Control,CH5,tdTomato,no.ab
071618Xim_WT_CA,Chimera,CH1,DNA,Hoechst
071618Xim_WT_CA,Chimera,CH2,NANOG.rat,af488.rat
071618Xim_WT_CA,Chimera,CH3,GATA6.rb,af647.rb
071618Xim_WT_CA,Chimera,CH4,BF,NA
071618Xim_WT_CA,Chimera,CH5,tdTomato,no.ab
071618Xim_WT_CA,Littermate,CH1,DNA,Hoechst
071618Xim_WT_CA,Littermate,CH2,NANOG.rat,af488.rat
071618Xim_WT_CA,Littermate,CH3,GATA4.rb,af647.rb
071618Xim_WT_CA,Littermate,CH4,BF,NA
071618Xim_WT_CA,Littermate,CH5,GATA6.gt,af568.gt
071618Xim_F4_CB,Control,CH1,DNA,Hoechst
071618Xim_F4_CB,Control,CH2,NANOG.rat,af488.rat
071618Xim_F4_CB,Control,CH3,GATA6.rb,af647.rb
071618Xim_F4_CB,Control,CH4,BF,NA
071618Xim_F4_CB,Control,CH5,tdTomato,no.ab
071618Xim_F4_CB,Chimera,CH1,DNA,Hoechst
071618Xim_F4_CB,Chimera,CH2,NANOG.rat,af488.rat
071618Xim_F4_CB,Chimera,CH3,GATA6.rb,af647.rb
071618Xim_F4_CB,Chimera,CH4,BF,NA
071618Xim_F4_CB,Chimera,CH5,tdTomato,no.ab
071618Xim_F4_CB,Littermate,CH1,,
071618Xim_F4_CB,Littermate,CH2,,
071618Xim_F4_CB,Littermate,CH3,,
071618Xim_F4_CB,Littermate,CH4,,
071618Xim_F4_CB,Littermate,CH5,,
072418Xim_WT_CC,Control,CH1,DNA,Hoechst
072418Xim_WT_CC,Control,CH2,NANOG.rat,af488.rat
072418Xim_WT_CC,Control,CH3,GATA6.rb,af647.rb
072418Xim_WT_CC,Control,CH4,BF,NA
072418Xim_WT_CC,Control,CH5,tdTomato,no.ab
072418Xim_WT_CC,Chimera,CH1,DNA,Hoechst
072418Xim_WT_CC,Chimera,CH2,NANOG.rat,af488.rat
072418Xim_WT_CC,Chimera,CH3,GATA6.rb,af647.rb
072418Xim_WT_CC,Chimera,CH4,BF,NA
072418Xim_WT_CC,Chimera,CH5,tdTomato,no.ab
072418Xim_WT_CC,Littermate,CH1,DNA,Hoechst
072418Xim_WT_CC,Littermate,CH2,NANOG.rat,af488.rat
072418Xim_WT_CC,Littermate,CH3,GATA4.rb,af647.rb
072418Xim_WT_CC,Littermate,CH4,BF,NA
072418Xim_WT_CC,Littermate,CH5,GATA6.gt,af568.gt
072418Xim_WT_CD,Control,CH1,DNA,Hoechst
072418Xim_WT_CD,Control,CH2,NANOG.rat,af488.rat
072418Xim_WT_CD,Control,CH3,GATA6.rb,af647.rb
072418Xim_WT_CD,Control,CH4,BF,NA
072418Xim_WT_CD,Control,CH5,tdTomato,no.ab
072418Xim_WT_CD,Chimera,CH1,DNA,Hoechst
072418Xim_WT_CD,Chimera,CH2,NANOG.rat,af488.rat
072418Xim_WT_CD,Chimera,CH3,GATA6.rb,af647.rb
072418Xim_WT_CD,Chimera,CH4,BF,NA
072418Xim_WT_CD,Chimera,CH5,tdTomato,no.ab
072418Xim_WT_CD,Littermate,CH1,DNA,Hoechst
072418Xim_WT_CD,Littermate,CH2,NANOG.rat,af488.rat
072418Xim_WT_CD,Littermate,CH3,GATA4.rb,af647.rb
072418Xim_WT_CD,Littermate,CH4,BF,NA
072418Xim_WT_CD,Littermate,CH5,GATA6.gt,af568.gt
072418Xim_F4_CE,Control,CH1,DNA,Hoechst
072418Xim_F4_CE,Control,CH2,NANOG.rat,af488.rat
072418Xim_F4_CE,Control,CH3,GATA6.rb,af647.rb
072418Xim_F4_CE,Control,CH4,BF,NA
072418Xim_F4_CE,Control,CH5,tdTomato,no.ab
072418Xim_F4_CE,Chimera,CH1,DNA,Hoechst
072418Xim_F4_CE,Chimera,CH2,NANOG.rat,af488.rat
072418Xim_F4_CE,Chimera,CH3,GATA6.rb,af647.rb
072418Xim_F4_CE,Chimera,CH4,BF,NA
072418Xim_F4_CE,Chimera,CH5,tdTomato,no.ab
072418Xim_F4_CE,Littermate,CH1,DNA,Hoechst
072418Xim_F4_CE,Littermate,CH2,NANOG.rat,af488.rat
072418Xim_F4_CE,Littermate,CH3,GATA4.rb,af647.rb
072418Xim_F4_CE,Littermate,CH4,BF,NA
072418Xim_F4_CE,Littermate,CH5,GATA6.gt,af568.gt
080118Xim_WT_CF,Control,CH1,DNA,Hoechst
080118Xim_WT_CF,Control,CH2,NANOG.rat,af488.rat
080118Xim_WT_CF,Control,CH3,GATA6.rb,af647.rb
080118Xim_WT_CF,Control,CH4,BF,NA
080118Xim_WT_CF,Control,CH5,tdTomato,no.ab
080118Xim_WT_CF,Chimera,CH1,DNA,Hoechst
080118Xim_WT_CF,Chimera,CH2,NANOG.rat,af488.rat
080118Xim_WT_CF,Chimera,CH3,GATA6.rb,af647.rb
080118Xim_WT_CF,Chimera,CH4,BF,NA
080118Xim_WT_CF,Chimera,CH5,tdTomato,no.ab
080118Xim_WT_CG,Control,CH1,DNA,Hoechst
080118Xim_WT_CG,Control,CH2,NANOG.rat,af488.rat
080118Xim_WT_CG,Control,CH3,GATA6.rb,af647.rb
080118Xim_WT_CG,Control,CH4,BF,NA
080118Xim_WT_CG,Control,CH5,tdTomato,no.ab
080118Xim_WT_CG,Chimera,CH1,DNA,Hoechst
080118Xim_WT_CG,Chimera,CH2,NANOG.rat,af488.rat
080118Xim_WT_CG,Chimera,CH3,GATA6.rb,af647.rb
080118Xim_WT_CG,Chimera,CH4,BF,NA
080118Xim_WT_CG,Chimera,CH5,tdTomato,no.ab
080118Xim_WT_CH,Control,CH1,DNA,Hoechst
080118Xim_WT_CH,Control,CH2,NANOG.rat,af488.rat
080118Xim_WT_CH,Control,CH3,GATA6.rb,af647.rb
080118Xim_WT_CH,Control,CH4,BF,NA
080118Xim_WT_CH,Control,CH5,tdTomato,no.ab
080118Xim_WT_CH,Chimera,CH1,DNA,Hoechst
080118Xim_WT_CH,Chimera,CH2,NANOG.rat,af488.rat
080118Xim_WT_CH,Chimera,CH3,GATA6.rb,af647.rb
080118Xim_WT_CH,Chimera,CH4,BF,NA
080118Xim_WT_CH,Chimera,CH5,tdTomato,no.ab
080118Xim_WT_CH,Littermate,CH1,DNA,Hoechst
080118Xim_WT_CH,Littermate,CH2,NANOG.rat,af488.rat
080118Xim_WT_CH,Littermate,CH3,GATA4.rb,af647.rb
080118Xim_WT_CH,Littermate,CH4,BF,NA
080118Xim_WT_CH,Littermate,CH5,GATA6.gt,af568.gt
080118Xim_WT_CI,Littermate,CH1,DNA,Hoechst
080118Xim_WT_CI,Littermate,CH2,NANOG.rat,af488.rat
080118Xim_WT_CI,Littermate,CH3,GATA4.rb,af647.rb
080118Xim_WT_CI,Littermate,CH4,BF,NA
080118Xim_WT_CI,Littermate,CH5,GATA6.gt,af568.gt
080118Xim_F4_CJ,Control,CH1,DNA,Hoechst
080118Xim_F4_CJ,Control,CH2,NANOG.rat,af488.rat
080118Xim_F4_CJ,Control,CH3,GATA6.rb,af647.rb
080118Xim_F4_CJ,Control,CH4,BF,NA
080118Xim_F4_CJ,Control,CH5,tdTomato,no.ab
080118Xim_F4_CJ,Chimera,CH1,DNA,Hoechst
080118Xim_F4_CJ,Chimera,CH2,NANOG.rat,af488.rat
080118Xim_F4_CJ,Chimera,CH3,GATA6.rb,af647.rb
080118Xim_F4_CJ,Chimera,CH4,BF,NA
080118Xim_F4_CJ,Chimera,CH5,tdTomato,no.ab
080118Xim_F4_CJ,Littermate,CH1,DNA,Hoechst
080118Xim_F4_CJ,Littermate,CH2,NANOG.rat,af488.rat
080118Xim_F4_CJ,Littermate,CH3,GATA4.rb,af647.rb
080118Xim_F4_CJ,Littermate,CH4,BF,NA
080118Xim_F4_CJ,Littermate,CH5,GATA6.gt,af568.gt
080618Xim_F4_CK,Control,CH1,DNA,Hoechst
080618Xim_F4_CK,Control,CH2,NANOG.rat,af488.rat
080618Xim_F4_CK,Control,CH3,GATA6.rb,af647.rb
080618Xim_F4_CK,Control,CH4,BF,NA
080618Xim_F4_CK,Control,CH5,tdTomato,no.ab
080618Xim_F4_CK,Chimera,CH1,DNA,Hoechst
080618Xim_F4_CK,Chimera,CH2,NANOG.rat,af488.rat
080618Xim_F4_CK,Chimera,CH3,GATA6.rb,af647.rb
080618Xim_F4_CK,Chimera,CH4,BF,NA
080618Xim_F4_CK,Chimera,CH5,tdTomato,no.ab
080718Xim_WT_CLCM,Control,CH1,DNA,Hoechst
080718Xim_WT_CLCM,Control,CH2,NANOG.rat,af488.rat
080718Xim_WT_CLCM,Control,CH3,GATA6.rb,af647.rb
080718Xim_WT_CLCM,Control,CH4,BF,NA
080718Xim_WT_CLCM,Control,CH5,tdTomato,no.ab
080718Xim_WT_CLCM,Chimera,CH1,DNA,Hoechst
080718Xim_WT_CLCM,Chimera,CH2,GFP.ck,af488.ck
080718Xim_WT_CLCM,Chimera,CH3,GATA6.rb,af647.rb
080718Xim_WT_CLCM,Chimera,CH4,BF,NA
080718Xim_WT_CLCM,Chimera,CH5,tdTomato,no.ab
080718Xim_WT_CNa,Chimera,CH1,DNA,Hoechst
080718Xim_WT_CNa,Chimera,CH2,GFP.ck,af488.ck
080718Xim_WT_CNa,Chimera,CH3,GATA6.rb,af647.rb
080718Xim_WT_CNa,Chimera,CH4,BF,NA
080718Xim_WT_CNa,Chimera,CH5,tdTomato,no.ab
080718Xim_WT_CNb,Chimera,CH1,DNA,Hoechst
080718Xim_WT_CNb,Chimera,CH2,NANOG.rat,af488.rat
080718Xim_WT_CNb,Chimera,CH3,GATA6.rb,af647.rb
080718Xim_WT_CNb,Chimera,CH4,BF,NA
080718Xim_WT_CNb,Chimera,CH5,tdTomato,no.ab
080718Xim_WT_COa,Chimera,CH1,DNA,Hoechst
080718Xim_WT_COa,Chimera,CH2,GFP.ck,af488.ck
080718Xim_WT_COa,Chimera,CH3,GATA6.rb,af647.rb
080718Xim_WT_COa,Chimera,CH4,BF,NA
080718Xim_WT_COa,Chimera,CH5,tdTomato,no.ab
080718Xim_WT_COb,Chimera,CH1,DNA,Hoechst
080718Xim_WT_COb,Chimera,CH2,NANOG.rat,af488.rat
080718Xim_WT_COb,Chimera,CH3,GATA6.rb,af647.rb
080718Xim_WT_COb,Chimera,CH4,BF,NA
080718Xim_WT_COb,Chimera,CH5,tdTomato,no.ab
080918Xim_F4_CP,Control,CH1,DNA,Hoechst
080918Xim_F4_CP,Control,CH2,NANOG.rat,af488.rat
080918Xim_F4_CP,Control,CH3,GATA6.rb,af647.rb
080918Xim_F4_CP,Control,CH4,BF,NA
080918Xim_F4_CP,Control,CH5,tdTomato,no.ab
080918Xim_F4_CP,Chimera,CH1,DNA,Hoechst
080918Xim_F4_CP,Chimera,CH2,NANOG.rat,af488.rat
080918Xim_F4_CP,Chimera,CH3,GATA6.rb,af647.rb
080918Xim_F4_CP,Chimera,CH4,BF,NA
080918Xim_F4_CP,Chimera,CH5,tdTomato,no.ab
081118Xim_F4_CQ,Control,CH1,DNA,Hoechst
081118Xim_F4_CQ,Control,CH2,NANOG.rat,af488.rat
081118Xim_F4_CQ,Control,CH3,GATA6.rb,af647.rb
081118Xim_F4_CQ,Control,CH4,BF,NA
081118Xim_F4_CQ,Control,CH5,tdTomato,no.ab
081118Xim_F4_CQ,Chimera,CH1,DNA,Hoechst
081118Xim_F4_CQ,Chimera,CH2,NANOG.rat,af488.rat
081118Xim_F4_CQ,Chimera,CH3,GATA6.rb,af647.rb
081118Xim_F4_CQ,Chimera,CH4,BF,NA
081118Xim_F4_CQ,Chimera,CH5,tdTomato,no.ab
102418Xim_F4_CR,Control,CH1,DNA,Hoechst
102418Xim_F4_CR,Control,CH2,NANOG.rat,af488.rat
102418Xim_F4_CR,Control,CH3,GATA6.rb,af647.rb
102418Xim_F4_CR,Control,CH4,BF,NA
102418Xim_F4_CR,Control,CH5,tdTomato,no.ab
102418Xim_F4_CR,Chimera,CH1,DNA,Hoechst
102418Xim_F4_CR,Chimera,CH2,NANOG.rat,af488.rat
102418Xim_F4_CR,Chimera,CH3,GATA6.rb,af647.rb
102418Xim_F4_CR,Chimera,CH4,BF,NA
102418Xim_F4_CR,Chimera,CH5,tdTomato,no.ab
102618Xim_F4_CS,Control,CH1,DNA,Hoechst
102618Xim_F4_CS,Control,CH2,GFP,no.ab
102618Xim_F4_CS,Control,CH3,GATA6.rb,af647.rb
102618Xim_F4_CS,Control,CH4,BF,NA
102618Xim_F4_CS,Control,CH5,tdTomato,no.ab
102618Xim_F4_CS,Chimera,CH1,DNA,Hoechst
102618Xim_F4_CS,Chimera,CH2,GFP,no.ab
102618Xim_F4_CS,Chimera,CH3,GATA6.rb,af647.rb
102618Xim_F4_CS,Chimera,CH4,BF,NA
102618Xim_F4_CS,Chimera,CH5,tdTomato,no.ab
102618Xim_F4_CS,Littermate,CH1,DNA,Hoechst
102618Xim_F4_CS,Littermate,CH2,NANOG.rat,af488.rat
102618Xim_F4_CS,Littermate,CH3,GATA4.rb,af647.rb
102618Xim_F4_CS,Littermate,CH4,BF,NA
102618Xim_F4_CS,Littermate,CH5,GATA6.gt,af568.gt
102618Xim_F4_CT,Control,CH1,DNA,Hoechst
102618Xim_F4_CT,Control,CH2,NANOG.rat,af488.rat
102618Xim_F4_CT,Control,CH3,GATA6.rb,af647.rb
102618Xim_F4_CT,Control,CH4,BF,NA
102618Xim_F4_CT,Control,CH5,tdTomato,no.ab
102618Xim_F4_CT,Chimera,CH1,DNA,Hoechst
102618Xim_F4_CT,Chimera,CH2,NANOG.rat,af488.rat
102618Xim_F4_CT,Chimera,CH3,GATA6.rb,af647.rb
102618Xim_F4_CT,Chimera,CH4,BF,NA
102618Xim_F4_CT,Chimera,CH5,tdTomato,no.ab
102618Xim_F4_CT,Littermate,CH1,DNA,Hoechst
102618Xim_F4_CT,Littermate,CH2,NANOG.rat,af488.rat
102618Xim_F4_CT,Littermate,CH3,GATA4.rb,af647.rb
102618Xim_F4_CT,Littermate,CH4,BF,NA
102618Xim_F4_CT,Littermate,CH5,GATA6.gt,af568.gt
102918Xim_F4_CU,Control,CH1,DNA,Hoechst
102918Xim_F4_CU,Control,CH2,GFP,no.ab
102918Xim_F4_CU,Control,CH3,GATA6.rb,af647.rb
102918Xim_F4_CU,Control,CH4,BF,NA
102918Xim_F4_CU,Control,CH5,tdTomato,no.ab
102918Xim_F4_CU,Chimera,CH1,DNA,Hoechst
102918Xim_F4_CU,Chimera,CH2,GFP,no.ab
102918Xim_F4_CU,Chimera,CH3,GATA6.rb,af647.rb
102918Xim_F4_CU,Chimera,CH4,BF,NA
102918Xim_F4_CU,Chimera,CH5,tdTomato,no.ab
102918Xim_F4_CV,Control,CH1,DNA,Hoechst
102918Xim_F4_CV,Control,CH2,NANOG.rat,af488.rat
102918Xim_F4_CV,Control,CH3,GATA6.rb,af647.rb
102918Xim_F4_CV,Control,CH4,BF,NA
102918Xim_F4_CV,Control,CH5,tdTomato,no.ab
102918Xim_F4_CV,Chimera,CH1,DNA,Hoechst
102918Xim_F4_CV,Chimera,CH2,NANOG.rat,af488.rat
102918Xim_F4_CV,Chimera,CH3,GATA6.rb,af647.rb
102918Xim_F4_CV,Chimera,CH4,BF,NA
102918Xim_F4_CV,Chimera,CH5,tdTomato,no.ab
111418Xim_WT_CW,Control,CH1,DNA,Hoechst
111418Xim_WT_CW,Control,CH2,NANOG.rat,af488.rat
111418Xim_WT_CW,Control,CH3,GATA6.rb,af647.rb
111418Xim_WT_CW,Control,CH4,BF,NA
111418Xim_WT_CW,Control,CH5,tdTomato,no.ab
111418Xim_WT_CW,Chimera,CH1,DNA,Hoechst
111418Xim_WT_CW,Chimera,CH2,NANOG.rat,af488.rat
111418Xim_WT_CW,Chimera,CH3,GATA6.rb,af647.rb
111418Xim_WT_CW,Chimera,CH4,BF,NA
111418Xim_WT_CW,Chimera,CH5,tdTomato,no.ab
111418Xim_WT_CX,Control,CH1,DNA,Hoechst
111418Xim_WT_CX,Control,CH2,NANOG.rat,af488.rat
111418Xim_WT_CX,Control,CH3,GATA6.rb,af647.rb
111418Xim_WT_CX,Control,CH4,BF,NA
111418Xim_WT_CX,Control,CH5,tdTomato,no.ab
111418Xim_WT_CX,Chimera,CH1,DNA,Hoechst
111418Xim_WT_CX,Chimera,CH2,NANOG.rat,af488.rat
111418Xim_WT_CX,Chimera,CH3,GATA6.rb,af647.rb
111418Xim_WT_CX,Chimera,CH4,BF,NA
111418Xim_WT_CX,Chimera,CH5,tdTomato,no.ab
111418Xim_F4_CY,Control,CH1,DNA,Hoechst
111418Xim_F4_CY,Control,CH2,NANOG.rat,af488.rat
111418Xim_F4_CY,Control,CH3,GATA6.rb,af647.rb
111418Xim_F4_CY,Control,CH4,BF,NA
111418Xim_F4_CY,Control,CH5,tdTomato,no.ab
111418Xim_F4_CY,Chimera,CH1,DNA,Hoechst
111418Xim_F4_CY,Chimera,CH2,NANOG.rat,af488.rat
111418Xim_F4_CY,Chimera,CH3,GATA6.rb,af647.rb
111418Xim_F4_CY,Chimera,CH4,BF,NA
111418Xim_F4_CY,Chimera,CH5,tdTomato,no.ab
112718Xim_WT_DB,Control,CH1,DNA,Hoechst
112718Xim_WT_DB,Control,CH2,CDX2.m,af488.m
112718Xim_WT_DB,Control,CH3,NANOG.rb,af647.rb
112718Xim_WT_DB,Control,CH4,BF,NA
112718Xim_WT_DB,Control,CH5,GATA6.gt,af568.gt
112718Xim_WT_DB,Chimera,CH1,DNA,Hoechst
112718Xim_WT_DB,Chimera,CH2,GFP,no.ab
112718Xim_WT_DB,Chimera,CH3,NANOG.rb,af647.rb
112718Xim_WT_DB,Chimera,CH4,BF,NA
112718Xim_WT_DB,Chimera,CH5,GATA6.gt,af568.gt
112718Xim_F4_DC,Control,CH1,DNA,Hoechst
112718Xim_F4_DC,Control,CH2,CDX2.m,af488.m
112718Xim_F4_DC,Control,CH3,NANOG.rb,af647.rb
112718Xim_F4_DC,Control,CH4,BF,NA
112718Xim_F4_DC,Control,CH5,GATA6.gt,af568.gt
112718Xim_F4_DC,Chimera,CH1,DNA,Hoechst
112718Xim_F4_DC,Chimera,CH2,GFP,no.ab
112718Xim_F4_DC,Chimera,CH3,NANOG.rb,af647.rb
112718Xim_F4_DC,Chimera,CH4,BF,NA
112718Xim_F4_DC,Chimera,CH5,GATA6.gt,af568.gt
112718Xim_F4_DD,Control,CH1,DNA,Hoechst
112718Xim_F4_DD,Control,CH2,CDX2.m,af488.m
112718Xim_F4_DD,Control,CH3,NANOG.rb,af647.rb
112718Xim_F4_DD,Control,CH4,BF,NA
112718Xim_F4_DD,Control,CH5,GATA6.gt,af568.gt
112718Xim_F4_DD,Chimera,CH1,DNA,Hoechst
112718Xim_F4_DD,Chimera,CH2,GFP,no.ab
112718Xim_F4_DD,Chimera,CH3,NANOG.rb,af647.rb
112718Xim_F4_DD,Chimera,CH4,BF,NA
112718Xim_F4_DD,Chimera,CH5,GATA6.gt,af568.gt
010919Xim_F4_DH,Control,CH1,DNA,Hoechst
010919Xim_F4_DH,Control,CH2,OCT4.m,af488.m
010919Xim_F4_DH,Control,CH3,NANOG.rb,af647.rb
010919Xim_F4_DH,Control,CH4,BF,NA
010919Xim_F4_DH,Control,CH5,GATA6.gt,af568.gt
010919Xim_F4_DH,Chimera,CH1,DNA,Hoechst
010919Xim_F4_DH,Chimera,CH2,GFP,no.ab
010919Xim_F4_DH,Chimera,CH3,NANOG.rb,af647.rb
010919Xim_F4_DH,Chimera,CH4,BF,NA
010919Xim_F4_DH,Chimera,CH5,GATA6.gt,af568.gt
010919Xim_F4_DI,Control,CH1,DNA,Hoechst
010919Xim_F4_DI,Control,CH2,OCT4.m,af488.m
010919Xim_F4_DI,Control,CH3,NANOG.rb,af647.rb
010919Xim_F4_DI,Control,CH4,BF,NA
010919Xim_F4_DI,Control,CH5,GATA6.gt,af568.gt
010919Xim_F4_DI,Chimera,CH1,DNA,Hoechst
010919Xim_F4_DI,Chimera,CH2,GFP,no.ab
010919Xim_F4_DI,Chimera,CH3,NANOG.rb,af647.rb
010919Xim_F4_DI,Chimera,CH4,BF,NA
010919Xim_F4_DI,Chimera,CH5,GATA6.gt,af568.gt
010919Xim_WT_DJ,Control,CH1,DNA,Hoechst
010919Xim_WT_DJ,Control,CH2,OCT4.m,af488.m
010919Xim_WT_DJ,Control,CH3,NANOG.rb,af647.rb
010919Xim_WT_DJ,Control,CH4,BF,NA
010919Xim_WT_DJ,Control,CH5,GATA6.gt,af568.gt
010919Xim_WT_DJ,Chimera,CH1,DNA,Hoechst
010919Xim_WT_DJ,Chimera,CH2,GFP,no.ab
010919Xim_WT_DJ,Chimera,CH3,NANOG.rb,af647.rb
010919Xim_WT_DJ,Chimera,CH4,BF,NA
010919Xim_WT_DJ,Chimera,CH5,GATA6.gt,af568.gt
010919Xim_WT_DK,Control,CH1,DNA,Hoechst
010919Xim_WT_DK,Control,CH2,OCT4.m,af488.m
010919Xim_WT_DK,Control,CH3,NANOG.rb,af647.rb
010919Xim_WT_DK,Control,CH4,BF,NA
010919Xim_WT_DK,Control,CH5,GATA6.gt,af568.gt
010919Xim_WT_DK,Chimera,CH1,DNA,Hoechst
010919Xim_WT_DK,Chimera,CH2,GFP,no.ab
010919Xim_WT_DK,Chimera,CH3,NANOG.rb,af647.rb
010919Xim_WT_DK,Chimera,CH4,BF,NA
010919Xim_WT_DK,Chimera,CH5,GATA6.gt,af568.gt
010919Xim_WT_DL,Control,CH1,DNA,Hoechst
010919Xim_WT_DL,Control,CH2,OCT4.m,af488.m
010919Xim_WT_DL,Control,CH3,NANOG.rb,af647.rb
010919Xim_WT_DL,Control,CH4,BF,NA
010919Xim_WT_DL,Control,CH5,GATA6.gt,af568.gt
010919Xim_WT_DL,Chimera,CH1,DNA,Hoechst
010919Xim_WT_DL,Chimera,CH2,GFP,no.ab
010919Xim_WT_DL,Chimera,CH3,NANOG.rb,af647.rb
010919Xim_WT_DL,Chimera,CH4,BF,NA
010919Xim_WT_DL,Chimera,CH5,GATA6.gt,af568.gt
010919Xim_WT_DM,Control,CH1,DNA,Hoechst
010919Xim_WT_DM,Control,CH2,OCT4.m,af488.m
010919Xim_WT_DM,Control,CH3,NANOG.rb,af647.rb
010919Xim_WT_DM,Control,CH4,BF,NA
010919Xim_WT_DM,Control,CH5,GATA6.gt,af568.gt
010919Xim_WT_DM,Chimera,CH1,DNA,Hoechst
010919Xim_WT_DM,Chimera,CH2,GFP,no.ab
010919Xim_WT_DM,Chimera,CH3,NANOG.rb,af647.rb
010919Xim_WT_DM,Chimera,CH4,BF,NA
010919Xim_WT_DM,Chimera,CH5,GATA6.gt,af568.gt
010919Xim_WT_DN,Control,CH1,DNA,Hoechst
010919Xim_WT_DN,Control,CH2,OCT4.m,af488.m
010919Xim_WT_DN,Control,CH3,NANOG.rb,af647.rb
010919Xim_WT_DN,Control,CH4,BF,NA
010919Xim_WT_DN,Control,CH5,GATA6.gt,af568.gt
010919Xim_WT_DN,Chimera,CH1,DNA,Hoechst
010919Xim_WT_DN,Chimera,CH2,GFP,no.ab
010919Xim_WT_DN,Chimera,CH3,NANOG.rb,af647.rb
010919Xim_WT_DN,Chimera,CH4,BF,NA
010919Xim_WT_DN,Chimera,CH5,GATA6.gt,af568.gt
011319Xim_F4_DR,Control,CH1,DNA,Hoechst
011319Xim_F4_DR,Control,CH2,OCT4.m,af488.m
011319Xim_F4_DR,Control,CH3,NANOG.rb,af647.rb
011319Xim_F4_DR,Control,CH4,BF,NA
011319Xim_F4_DR,Control,CH5,GATA6.gt,af568.gt
011319Xim_F4_DR,Chimera,CH1,DNA,Hoechst
011319Xim_F4_DR,Chimera,CH2,GFP,no.ab
011319Xim_F4_DR,Chimera,CH3,NANOG.rb,af647.rb
011319Xim_F4_DR,Chimera,CH4,BF,NA
011319Xim_F4_DR,Chimera,CH5,GATA6.gt,af568.gt
011319Xim_WT_DP,Chimera,CH1,DNA,Hoechst
011319Xim_WT_DP,Chimera,CH2,GFP,no.ab
011319Xim_WT_DP,Chimera,CH3,NANOG.rb,af647.rb
011319Xim_WT_DP,Chimera,CH4,BF,NA
011319Xim_WT_DP,Chimera,CH5,GATA6.gt,af568.gt
011319Xim_WT_DQ,Chimera,CH1,DNA,Hoechst
011319Xim_WT_DQ,Chimera,CH2,GFP,no.ab
011319Xim_WT_DQ,Chimera,CH3,NANOG.rb,af647.rb
011319Xim_WT_DQ,Chimera,CH4,BF,NA
011319Xim_WT_DQ,Chimera,CH5,GATA6.gt,af568.gt
011519Xim_F4_DS,Chimera,CH1,DNA,Hoechst
011519Xim_F4_DS,Chimera,CH2,GFP,no.ab
011519Xim_F4_DS,Chimera,CH3,GATA6.rb,af647.rb
011519Xim_F4_DS,Chimera,CH4,BF,NA
011519Xim_F4_DS,Chimera,CH5,tdTomato,no.ab
011519Xim_F4_DT,Chimera,CH1,DNA,Hoechst
011519Xim_F4_DT,Chimera,CH2,GFP,no.ab
011519Xim_F4_DT,Chimera,CH3,GATA6.rb,af647.rb
011519Xim_F4_DT,Chimera,CH4,BF,NA
011519Xim_F4_DT,Chimera,CH5,tdTomato,no.ab
012219Xim_F4_DU,Control,CH1,DNA,Hoechst
012219Xim_F4_DU,Control,CH2,NANOG.rat,af488.rat
012219Xim_F4_DU,Control,CH3,GATA6.rb,af647.rb
012219Xim_F4_DU,Control,CH4,BF,NA
012219Xim_F4_DU,Control,CH5,tdTomato,no.ab
012219Xim_F4_DU,Chimera,CH1,DNA,Hoechst
012219Xim_F4_DU,Chimera,CH2,NANOG.rat,af488.rat
012219Xim_F4_DU,Chimera,CH3,GATA6.rb,af647.rb
012219Xim_F4_DU,Chimera,CH4,BF,NA
012219Xim_F4_DU,Chimera,CH5,tdTomato,no.ab
022019Xim_F4_DY,Control,CH1,DNA,Hoechst
022019Xim_F4_DY,Control,CH2,NANOG.rat,af488.rat
022019Xim_F4_DY,Control,CH3,GATA6.rb,af647.rb
022019Xim_F4_DY,Control,CH4,BF,NA
022019Xim_F4_DY,Control,CH5,tdTomato,no.ab
022019Xim_F4_DY,Chimera,CH1,DNA,Hoechst
022019Xim_F4_DY,Chimera,CH2,NANOG.rat,af488.rat
022019Xim_F4_DY,Chimera,CH3,GATA6.rb,af647.rb
022019Xim_F4_DY,Chimera,CH4,BF,NA
022019Xim_F4_DY,Chimera,CH5,tdTomato,no.ab
022019Xim_F4_DZ,Control,CH1,DNA,Hoechst
022019Xim_F4_DZ,Control,CH2,NANOG.rat,af488.rat
022019Xim_F4_DZ,Control,CH3,GATA6.rb,af647.rb
022019Xim_F4_DZ,Control,CH4,BF,NA
022019Xim_F4_DZ,Control,CH5,tdTomato,no.ab
022019Xim_F4_DZ,Chimera,CH1,DNA,Hoechst
022019Xim_F4_DZ,Chimera,CH2,NANOG.rat,af488.rat
022019Xim_F4_DZ,Chimera,CH3,GATA6.rb,af647.rb
022019Xim_F4_DZ,Chimera,CH4,BF,NA
022019Xim_F4_DZ,Chimera,CH5,tdTomato,no.ab
022519Xim_F4_ED,Control,CH1,DNA,Hoechst
022519Xim_F4_ED,Control,CH2,NANOG.rat,af488.rat
022519Xim_F4_ED,Control,CH3,GATA6.rb,af647.rb
022519Xim_F4_ED,Control,CH4,BF,NA
022519Xim_F4_ED,Control,CH5,tdTomato,no.ab
022519Xim_F4_ED,Chimera,CH1,DNA,Hoechst
022519Xim_F4_ED,Chimera,CH2,NANOG.rat,af488.rat
022519Xim_F4_ED,Chimera,CH3,GATA6.rb,af647.rb
022519Xim_F4_ED,Chimera,CH4,BF,NA
022519Xim_F4_ED,Chimera,CH5,tdTomato,no.ab
022519Xim_F4_EE,Control,CH1,DNA,Hoechst
022519Xim_F4_EE,Control,CH2,NANOG.rat,af488.rat
022519Xim_F4_EE,Control,CH3,GATA6.rb,af647.rb
022519Xim_F4_EE,Control,CH4,BF,NA
022519Xim_F4_EE,Control,CH5,tdTomato,no.ab
022519Xim_F4_EE,Chimera,CH1,DNA,Hoechst
022519Xim_F4_EE,Chimera,CH2,NANOG.rat,af488.rat
022519Xim_F4_EE,Chimera,CH3,GATA6.rb,af647.rb
022519Xim_F4_EE,Chimera,CH4,BF,NA
022519Xim_F4_EE,Chimera,CH5,tdTomato,no.ab
022619Xim_F4_EF,Control,CH1,DNA,Hoechst
022619Xim_F4_EF,Control,CH2,NANOG.rat,af488.rat
022619Xim_F4_EF,Control,CH3,GATA6.rb,af647.rb
022619Xim_F4_EF,Control,CH4,BF,NA
022619Xim_F4_EF,Control,CH5,tdTomato,no.ab
022619Xim_F4_EF,Chimera,CH1,DNA,Hoechst
022619Xim_F4_EF,Chimera,CH2,NANOG.rat,af488.rat
022619Xim_F4_EF,Chimera,CH3,GATA6.rb,af647.rb
022619Xim_F4_EF,Chimera,CH4,BF,NA
022619Xim_F4_EF,Chimera,CH5,tdTomato,no.ab
022619Xim_F4_EG,Control,CH1,DNA,Hoechst
022619Xim_F4_EG,Control,CH2,NANOG.rat,af488.rat
022619Xim_F4_EG,Control,CH3,GATA6.rb,af647.rb
022619Xim_F4_EG,Control,CH4,BF,NA
022619Xim_F4_EG,Control,CH5,tdTomato,no.ab
022619Xim_F4_EG,Chimera,CH1,DNA,Hoechst
022619Xim_F4_EG,Chimera,CH2,NANOG.rat,af488.rat
022619Xim_F4_EG,Chimera,CH3,GATA6.rb,af647.rb
022619Xim_F4_EG,Chimera,CH4,BF,NA
022619Xim_F4_EG,Chimera,CH5,tdTomato,no.ab
032219Xim_F4_EH,Control,CH1,DNA,Hoechst
032219Xim_F4_EH,Control,CH2,NANOG.rat,af488.rat
032219Xim_F4_EH,Control,CH3,GATA6.rb,af647.rb
032219Xim_F4_EH,Control,CH4,BF,NA
032219Xim_F4_EH,Control,CH5,tdTomato,no.ab
032219Xim_F4_EH,Chimera,CH1,DNA,Hoechst
032219Xim_F4_EH,Chimera,CH2,NANOG.rat,af488.rat
032219Xim_F4_EH,Chimera,CH3,GATA6.rb,af647.rb
032219Xim_F4_EH,Chimera,CH4,BF,NA
032219Xim_F4_EH,Chimera,CH5,tdTomato,no.ab
032219Xim_F4_EI,Control,CH1,DNA,Hoechst
032219Xim_F4_EI,Control,CH2,NANOG.rat,af488.rat
032219Xim_F4_EI,Control,CH3,GATA6.rb,af647.rb
032219Xim_F4_EI,Control,CH4,BF,NA
032219Xim_F4_EI,Control,CH5,tdTomato,no.ab
032219Xim_F4_EI,Chimera,CH1,DNA,Hoechst
032219Xim_F4_EI,Chimera,CH2,NANOG.rat,af488.rat
032219Xim_F4_EI,Chimera,CH3,GATA6.rb,af647.rb
032219Xim_F4_EI,Chimera,CH4,BF,NA
032219Xim_F4_EI,Chimera,CH5,tdTomato,no.ab
052019Xim_F4_EM,Control,CH1,DNA,Hoechst
052019Xim_F4_EM,Control,CH2,GFP,no.ab
052019Xim_F4_EM,Control,CH3,NANOG.rb,af647.rb
052019Xim_F4_EM,Control,CH4,BF,NA
052019Xim_F4_EM,Control,CH5,GATA6.gt,af568.gt
052019Xim_F4_EM,Chimera,CH1,DNA,Hoechst
052019Xim_F4_EM,Chimera,CH2,GFP,no.ab
052019Xim_F4_EM,Chimera,CH3,NANOG.rb,af647.rb
052019Xim_F4_EM,Chimera,CH4,BF,NA
052019Xim_F4_EM,Chimera,CH5,GATA6.gt,af568.gt
052019Xim_F4_EN,Control,CH1,DNA,Hoechst
052019Xim_F4_EN,Control,CH2,GFP,no.ab
052019Xim_F4_EN,Control,CH3,NANOG.rb,af647.rb
052019Xim_F4_EN,Control,CH4,BF,NA
052019Xim_F4_EN,Control,CH5,GATA6.gt,af568.gt
052019Xim_F4_EN,Chimera,CH1,DNA,Hoechst
052019Xim_F4_EN,Chimera,CH2,GFP,no.ab
052019Xim_F4_EN,Chimera,CH3,NANOG.rb,af647.rb
052019Xim_F4_EN,Chimera,CH4,BF,NA
052019Xim_F4_EN,Chimera,CH5,GATA6.gt,af568.gt
052019Xim_F4_EO,Control,CH1,DNA,Hoechst
052019Xim_F4_EO,Control,CH2,GFP,no.ab
052019Xim_F4_EO,Control,CH3,NANOG.rb,af647.rb
052019Xim_F4_EO,Control,CH4,BF,NA
052019Xim_F4_EO,Control,CH5,GATA6.gt,af568.gt
052019Xim_F4_EO,Chimera,CH1,DNA,Hoechst
052019Xim_F4_EO,Chimera,CH2,GFP,no.ab
052019Xim_F4_EO,Chimera,CH3,NANOG.rb,af647.rb
052019Xim_F4_EO,Chimera,CH4,BF,NA
052019Xim_F4_EO,Chimera,CH5,GATA6.gt,af568.gt
061819Xim_F4_EP,Control,CH1,DNA,Hoechst
061819Xim_F4_EP,Control,CH2,GFP,no.ab
061819Xim_F4_EP,Control,CH3,NANOG.rb,af647.rb
061819Xim_F4_EP,Control,CH4,BF,NA
061819Xim_F4_EP,Control,CH5,GATA6.gt,af568.gt
061819Xim_F4_EP,Chimera,CH1,DNA,Hoechst
061819Xim_F4_EP,Chimera,CH2,GFP.ck,af488.ck
061819Xim_F4_EP,Chimera,CH3,NANOG.rb,af647.rb
061819Xim_F4_EP,Chimera,CH4,BF,NA
061819Xim_F4_EP,Chimera,CH5,GATA6.gt,af568.gt
061819Xim_WT_ER,Control,CH1,DNA,Hoechst
061819Xim_WT_ER,Control,CH2,GFP,no.ab
061819Xim_WT_ER,Control,CH3,NANOG.rb,af647.rb
061819Xim_WT_ER,Control,CH4,BF,NA
061819Xim_WT_ER,Control,CH5,GATA6.gt,af568.gt
061819Xim_WT_ER,Chimera,CH1,DNA,Hoechst
061819Xim_WT_ER,Chimera,CH2,GFP.ck,af488.ck
061819Xim_WT_ER,Chimera,CH3,NANOG.rb,af647.rb
061819Xim_WT_ER,Chimera,CH4,BF,NA
061819Xim_WT_ER,Chimera,CH5,GATA6.gt,af568.gt
061819Xim_WT_ES,Control,CH1,DNA,Hoechst
061819Xim_WT_ES,Control,CH2,GFP,no.ab
061819Xim_WT_ES,Control,CH3,NANOG.rb,af647.rb
061819Xim_WT_ES,Control,CH4,BF,NA
061819Xim_WT_ES,Control,CH5,GATA6.gt,af568.gt
061819Xim_WT_ES,Chimera,CH1,DNA,Hoechst
061819Xim_WT_ES,Chimera,CH2,GFP.ck,af488.ck
061819Xim_WT_ES,Chimera,CH3,NANOG.rb,af647.rb
061819Xim_WT_ES,Chimera,CH4,BF,NA
061819Xim_WT_ES,Chimera,CH5,GATA6.gt,af568.gt
062019Xim_F4_ET,Control,CH1,DNA,Hoechst
062019Xim_F4_ET,Control,CH2,GFP,no.ab
062019Xim_F4_ET,Control,CH3,NANOG.rb,af647.rb
062019Xim_F4_ET,Control,CH4,BF,NA
062019Xim_F4_ET,Control,CH5,GATA6.gt,af568.gt
062019Xim_F4_ET,Chimera,CH1,DNA,Hoechst
062019Xim_F4_ET,Chimera,CH2,GFP.ck,af488.ck
062019Xim_F4_ET,Chimera,CH3,NANOG.rb,af647.rb
062019Xim_F4_ET,Chimera,CH4,BF,NA
062019Xim_F4_ET,Chimera,CH5,GATA6.gt,af568.gt
062019Xim_F4_EU,Control,CH1,DNA,Hoechst
062019Xim_F4_EU,Control,CH2,GFP,no.ab
062019Xim_F4_EU,Control,CH3,NANOG.rb,af647.rb
062019Xim_F4_EU,Control,CH4,BF,NA
062019Xim_F4_EU,Control,CH5,GATA6.gt,af568.gt
062019Xim_F4_EU,Chimera,CH1,DNA,Hoechst
062019Xim_F4_EU,Chimera,CH2,GFP.ck,af488.ck
062019Xim_F4_EU,Chimera,CH3,NANOG.rb,af647.rb
062019Xim_F4_EU,Chimera,CH4,BF,NA
062019Xim_F4_EU,Chimera,CH5,GATA6.gt,af568.gt
062019Xim_F4_EV,Chimera,CH1,DNA,Hoechst
062019Xim_F4_EV,Chimera,CH2,GFP.ck,af488.ck
062019Xim_F4_EV,Chimera,CH3,NANOG.rb,af647.rb
062019Xim_F4_EV,Chimera,CH4,BF,NA
062019Xim_F4_EV,Chimera,CH5,GATA6.gt,af568.gt
061819Xim_WT_EQ,Control,CH1,DNA,Hoechst
061819Xim_WT_EQ,Control,CH2,GFP,no.ab
061819Xim_WT_EQ,Control,CH3,NANOG.rb,af647.rb
061819Xim_WT_EQ,Control,CH4,BF,NA
061819Xim_WT_EQ,Control,CH5,GATA6.gt,af568.gt
061819Xim_WT_EQ,Chimera,CH1,DNA,Hoechst
061819Xim_WT_EQ,Chimera,CH2,GFP.ck,af488.ck
061819Xim_WT_EQ,Chimera,CH3,NANOG.rb,af647.rb
061819Xim_WT_EQ,Chimera,CH4,BF,NA
061819Xim_WT_EQ,Chimera,CH5,GATA6.gt,af568.gt
070319Xim_F4_EW,Control,CH1,DNA,Hoechst
070319Xim_F4_EW,Control,CH2,GFP,no.ab
070319Xim_F4_EW,Control,CH3,NANOG.rb,af647.rb
070319Xim_F4_EW,Control,CH4,BF,NA
070319Xim_F4_EW,Control,CH5,GATA6.gt,af568.gt
070319Xim_F4_EW,Chimera,CH1,DNA,Hoechst
070319Xim_F4_EW,Chimera,CH2,GFP.ck,af488.ck
070319Xim_F4_EW,Chimera,CH3,NANOG.rb,af647.rb
070319Xim_F4_EW,Chimera,CH4,BF,NA
070319Xim_F4_EW,Chimera,CH5,GATA6.gt,af568.gt
070319Xim_F4_EX,Control,CH1,DNA,Hoechst
070319Xim_F4_EX,Control,CH2,GFP,no.ab
070319Xim_F4_EX,Control,CH3,NANOG.rb,af647.rb
070319Xim_F4_EX,Control,CH4,BF,NA
070319Xim_F4_EX,Control,CH5,GATA6.gt,af568.gt
070319Xim_F4_EX,Chimera,CH1,DNA,Hoechst
070319Xim_F4_EX,Chimera,CH2,GFP.ck,af488.ck
070319Xim_F4_EX,Chimera,CH3,NANOG.rb,af647.rb
070319Xim_F4_EX,Chimera,CH4,BF,NA
070319Xim_F4_EX,Chimera,CH5,GATA6.gt,af568.gt
072919Xim_WT_FA,Chimera,CH1,DNA,Hoechst
072919Xim_WT_FA,Chimera,CH2,NANOG.rat,af488.rat
072919Xim_WT_FA,Chimera,CH3,GATA6.rb,af647.rb
072919Xim_WT_FA,Chimera,CH4,BF,NA
072919Xim_WT_FA,Chimera,CH5,tdTomato,no.ab
072919Xim_F4_FB,Chimera,CH1,DNA,Hoechst
072919Xim_F4_FB,Chimera,CH2,GFP.ck,af488.ck
072919Xim_F4_FB,Chimera,CH3,NANOG.rb,af647.rb
072919Xim_F4_FB,Chimera,CH4,BF,NA
072919Xim_F4_FB,Chimera,CH5,GATA6.gt,af568.gt
072919Xim_F4_FC,Chimera,CH1,DNA,Hoechst
072919Xim_F4_FC,Chimera,CH2,GFP.ck,af488.ck
072919Xim_F4_FC,Chimera,CH3,NANOG.rb,af647.rb
072919Xim_F4_FC,Chimera,CH4,BF,NA
072919Xim_F4_FC,Chimera,CH5,GATA6.gt,af568.gt