"Cell_ID","identity_t0","ending"
"010719Abl_EH3.1000000000.PRE.intact.d.1","PRE","death"
"010719Abl_EH3.1000000000.PRE.intact.d.2","PRE","death"
"010719Abl_EH3.1000000000.PRE.intact.m.0","PRE","division"
"010719Abl_EH3.1000000001.PRE.targeted.m.0","PRE","death"
"010719Abl_EH3.1000000002.PRE.targeted.m.0","PRE","death"
"010719Abl_EH3.1000000003.PRE.targeted.m.0","PRE","death"
"010719Abl_EH3.1000000004.PRE.targeted.m.0","PRE","death"
"010719Abl_EH3.1000000005.PRE.intact.d.1","PRE","end point"
"010719Abl_EH3.1000000005.PRE.intact.d.2","PRE","end point"
"010719Abl_EH3.1000000005.PRE.intact.m.0","PRE","division"
"010719Abl_EH3.1000000006.PRE.intact.d.1","PRE","end point"
"010719Abl_EH3.1000000006.PRE.intact.d.2","PRE","end point"
"010719Abl_EH3.1000000006.PRE.intact.m.0","PRE","division"
"010719Abl_EH3.1000000007.PRE.intact.m.0","PRE","lost"
"010719Abl_EH3.1000000008.PRE.intact.m.0","PRE","death"
"010719Abl_EH3.1000000337.DP.intact.d.1","DP","death"
"010719Abl_EH3.1000000337.DP.intact.d.2","DP","lost"
"010719Abl_EH3.1000000337.DP.intact.m.0","DP","division"
"010719Abl_EH3.1000000338.DP.intact.m.0","DP","death"
"010719Abl_EH3.1000000339.DP.intact.m.0","DP","death"
"010719Abl_EH3.1000000340.DP.intact.m.0","DP","lost"
"010719Abl_EH3.1000000341.DP.intact.d.1","DP","end point"
"010719Abl_EH3.1000000341.DP.intact.d.2","DP","end point"
"010719Abl_EH3.1000000341.DP.intact.m.0","DP","division"
"010719Abl_EH3.1000000342.DP.intact.m.0","DP","death"
"010719Abl_EH3.1000000343.DP.intact.d.1","DP","end point"
"010719Abl_EH3.1000000343.DP.intact.d.2","DP","lost"
"010719Abl_EH3.1000000343.DP.intact.m.0","DP","division"
"010719Abl_EH3.1000000344.DP.intact.m.0","DP","death"
"010719Abl_EH3.1000000345.DP.intact.m.0","DP","death"
"010719Abl_EH3.1000000346.DP.intact.m.0","DP","lost"
"010719Abl_EH3.1000000347.DP.intact.d.1","DP","end point"
"010719Abl_EH3.1000000347.DP.intact.d.2","DP","end point"
"010719Abl_EH3.1000000347.DP.intact.m.0","DP","division"
"010719Abl_EH3.1000001701.EPI.intact.m.0","EPI","lost"
"010719Abl_EH3.1000001702.EPI.intact.m.0","EPI","end point"
"010719Abl_EH3.1000001703.EPI.intact.m.0","EPI","lost"
"010719Abl_EH3.1000001704.DP.intact.m.0","DP","death"
"010719Abl_EH4.1000000001.PRE.intact.m.0","PRE","end point"
"010719Abl_EH4.1000000002.PRE.intact.d.2","PRE","end point"
"010719Abl_EH4.1000000002.PRE.intact.m.0","PRE","end point"
"010719Abl_EH4.1000000003.PRE.intact.m.0","PRE","death"
"010719Abl_EH4.1000000004.PRE.intact.m.0","PRE","death"
"010719Abl_EH4.1000000005.DP.intact.d.1","DP","death"
"010719Abl_EH4.1000000005.DP.intact.d.2","DP","death"
"010719Abl_EH4.1000000005.DP.intact.m.0","DP","division"
"010719Abl_EH4.1000000007.PRE.intact.m.0","PRE","end point"
"010719Abl_EH4.1000000008.PRE.intact.m.0","PRE","end point"
"010719Abl_EH4.1000000009.PRE.intact.m.0","PRE","end point"
"010719Abl_EH4.1000000010.PRE.intact.m.0","PRE","death"
"010719Abl_EH4.1000000011.PRE.intact.m.0","PRE","death"
"010719Abl_EH4.1000000012.DP.intact.m.0","DP","death"
"010719Abl_EH4.1000000013.DP.intact.d.1","DP","lost"
"010719Abl_EH4.1000000013.DP.intact.d.2","DP","end point"
"010719Abl_EH4.1000000013.DP.intact.m.0","DP","division"
"010719Abl_EH4.1000000014.DP.intact.d.1","DP","death"
"010719Abl_EH4.1000000014.DP.intact.d.2","DP","off frame"
"010719Abl_EH4.1000000014.DP.intact.m.0","DP","division"
"010719Abl_EH4.1000000015.DP.intact.m.0","DP","death"
"010719Abl_EH4.1000000016.EPI.intact.m.0","EPI","lost"
"010719Abl_EH4.1000000017.DP.intact.m.0","DP","death"
"010719Abl_EH4.1000000018.DP.intact.m.0","DP","end point"
"010719Abl_EH4.1000000760.EPI.intact.d.1","EPI","end point"
"010719Abl_EH4.1000000760.EPI.intact.d.2","EPI","end point"
"010719Abl_EH4.1000000760.EPI.intact.m.0","EPI","division"
"010719Abl_EH4.1000000761.EPI.intact.m.0","EPI","end point"
"010719Abl_EH4.1000000762.EPI.intact.m.0","EPI","end point"
"010719Abl_EH4.1000000763.EPI.intact.m.0","EPI","lost"
"010719Abl_EH4.1e+05.PRE.intact.m.0","PRE","death"
"010719Abl_EH5.1000000000.DP.intact.m.0","DP","death"
"010719Abl_EH5.1000000001.DP.intact.m.0","DP","death"
"010719Abl_EH5.1000000002.DP.intact.m.0","DP","death"
"010719Abl_EH5.1000000003.PRE.intact.d.1","PRE","end point"
"010719Abl_EH5.1000000003.PRE.intact.d.2","PRE","end point"
"010719Abl_EH5.1000000003.PRE.intact.m.0","PRE","division"
"010719Abl_EH5.1000000004.PRE.intact.m.0","PRE","end point"
"010719Abl_EH5.1000000005.PRE.intact.m.0","PRE","death"
"010719Abl_EH5.1000000006.DP.intact.m.0","DP","end point"
"010719Abl_EH5.1000000007.EPI.intact.m.0","EPI","death"
"010719Abl_EH5.1000000008.PRE.targeted.m.0","PRE","death"
"010719Abl_EH5.1000000009.PRE.targeted.m.0","PRE","death"
"010719Abl_EH5.1000000010.PRE.targeted.m.0","PRE","death"
"010719Abl_EH5.1000000012.DP.intact.m.0","DP","death"
"010719Abl_EH5.1000000013.DP.intact.m.0","DP","end point"
"010719Abl_EH5.1000000014.PRE.targeted.m.0","PRE","death"
"010719Abl_EH5.1000000015.EPI.intact.d.1","EPI","end point"
"010719Abl_EH5.1000000015.EPI.intact.d.2","EPI","end point"
"010719Abl_EH5.1000000015.EPI.intact.m.0","EPI","division"
"010719Abl_EH5.1000000017.PRE.targeted.m.0","PRE","death"
"010719Abl_EH5.1000000018.EPI.intact.m.0","EPI","death"
"010719Abl_EH5.1000000019.EPI.intact.d.1","EPI","end point"
"010719Abl_EH5.1000000019.EPI.intact.d.2","EPI","end point"
"010719Abl_EH5.1000000019.EPI.intact.m.0","EPI","division"
"010719Abl_EH5.1000000020.EPI.intact.d.1","EPI","end point"
"010719Abl_EH5.1000000020.EPI.intact.d.2","EPI","end point"
"010719Abl_EH5.1000000020.EPI.intact.m.0","EPI","division"
"010719Abl_EH5.1000000021.PRE.targeted.m.0","PRE","death"
"010719Abl_EH5.1000000022.PRE.targeted.m.0","PRE","death"
"010719Abl_EH5.1000000024.DP.intact.m.0","DP","end point"
"010719Abl_EH5.1000000026.EPI.intact.m.0","EPI","division"
"010719Abl_EH5.1000000028.PRE.intact.m.0","PRE","end point"
"010719Abl_EH5.1000000030.PRE.intact.m.0","PRE","end point"
"010719Abl_EH5.1000000031.PRE.targeted.m.0","PRE","death"
"010719Abl_EH5.1000002988.DP.intact.d.1","DP","end point"
"010719Abl_EH5.1000002988.DP.intact.d.2","DP","death"
"010719Abl_EH5.1000002988.DP.intact.m.0","DP","division"
"010719Abl_EH5.1000003152.EPI.intact.d.1","EPI","end point"
"010719Abl_EH5.1000003152.EPI.intact.d.2","EPI","end point"
"010719Abl_EH5.1000003152.EPI.intact.m.0","EPI","division"
"012119Abl_EI2.1000000000.DP.intact.m.0","DP","end point"
"012119Abl_EI2.1000000000.EPI.targeted.m.0","EPI","death"
"012119Abl_EI2.1000000000.PRE.intact.d.1","PRE","end point"
"012119Abl_EI2.1000000000.PRE.intact.d.2","PRE","death"
"012119Abl_EI2.1000000000.PRE.intact.m.0","PRE","division"
"012119Abl_EI2.1000000001.EPI.intact.m.0","EPI","death"
"012119Abl_EI2.1000000001.PRE.intact.d.1","PRE","end point"
"012119Abl_EI2.1000000001.PRE.intact.d.2","PRE","end point"
"012119Abl_EI2.1000000001.PRE.intact.m.0","PRE","division"
"012119Abl_EI2.1000000002.EPI.targeted.m.0","EPI","death"
"012119Abl_EI2.1000000002.PRE.intact.d.1","PRE","end point"
"012119Abl_EI2.1000000002.PRE.intact.d.2","PRE","end point"
"012119Abl_EI2.1000000002.PRE.intact.m.0","PRE","division"
"012119Abl_EI2.1000000003.EPI.intact.m.0","EPI","death"
"012119Abl_EI2.1000000003.PRE.intact.m.0","PRE","death"
"012119Abl_EI2.1000000004.EPI.targeted.m.0","EPI","death"
"012119Abl_EI2.1000000004.PRE.intact.m.0","PRE","end point"
"012119Abl_EI2.1000000005.EPI.intact.m.0","EPI","end point"
"012119Abl_EI2.1000000005.PRE.intact.d.1","PRE","end point"
"012119Abl_EI2.1000000005.PRE.intact.d.2","PRE","end point"
"012119Abl_EI2.1000000005.PRE.intact.m.0","PRE","division"
"012119Abl_EI2.1000000006.EPI.intact.m.0","EPI","lost"
"012119Abl_EI3.1000000000.DP.intact.m.0","DP","death"
"012119Abl_EI3.1000000000.PRE.intact.d.1","PRE","death"
"012119Abl_EI3.1000000000.PRE.intact.d.2","PRE","death"
"012119Abl_EI3.1000000000.PRE.intact.m.0","PRE","division"
"012119Abl_EI3.1000000001.DP.intact.d.1","DP","end point"
"012119Abl_EI3.1000000001.DP.intact.d.2","DP","off frame"
"012119Abl_EI3.1000000001.DP.intact.m.0","DP","division"
"012119Abl_EI3.1000000001.PRE.intact.m.0","PRE","end point"
"012119Abl_EI3.1000000002.DP.intact.m.0","DP","death"
"012119Abl_EI3.1000000002.PRE.intact.m.0","PRE","off frame"
"012119Abl_EI3.1000000003.DP.intact.m.0","DP","death"
"012119Abl_EI3.1000000003.PRE.intact.m.0","PRE","off frame"
"012119Abl_EI3.1000000004.DP.intact.m.0","DP","end point"
"012119Abl_EI3.1000000004.PRE.intact.m.0","PRE","death"
"012119Abl_EI3.1000000005.DP.intact.d.1","DP","end point"
"012119Abl_EI3.1000000005.DP.intact.d.2","DP","end point"
"012119Abl_EI3.1000000005.DP.intact.m.0","DP","division"
"012119Abl_EI3.1000000005.PRE.intact.m.0","PRE","death"
"012119Abl_EI3.1000000006.DP.intact.m.0","DP","end point"
"012119Abl_EI3.1000000006.PRE.intact.m.0","PRE","end point"
"012119Abl_EI3.1000000007.DP.intact.m.0","DP","end point"
"012119Abl_EI3.1000000007.PRE.intact.m.0","PRE","end point"
"012119Abl_EI3.1000000008.PRE.intact.m.0","PRE","death"
"012119Abl_EI3.1000000009.DP.intact.m.0","DP","end point"
"012119Abl_EI3.1000000009.PRE.intact.d.1","PRE","off frame"
"012119Abl_EI3.1000000009.PRE.intact.d.2","PRE","off frame"
"012119Abl_EI3.1000000009.PRE.intact.m.0","PRE","division"
"012119Abl_EI3.1000000010.DP.intact.m.0","DP","off frame"
"012119Abl_EI3.1000000010.PRE.intact.d.1","PRE","off frame"
"012119Abl_EI3.1000000010.PRE.intact.d.2","PRE","end point"
"012119Abl_EI3.1000000010.PRE.intact.m.0","PRE","division"
"012119Abl_EI3.1000000011.DP.intact.m.0","DP","off frame"
"012119Abl_EI3.1000000011.PRE.intact.m.0","PRE","death"
"012119Abl_EI3.1000000012.PRE.intact.m.0","PRE","off frame"
"012119Abl_EI3.1000000467.DP.intact.m.0","DP","end point"
"012119Abl_EI3.1000000801.DP.intact.m.0","DP","lost"
"012119Abl_EI5.1000000001.PRE.intact.m.0","PRE","death"
"012119Abl_EI5.1000000002.PRE.intact.m.0","PRE","death"
"012119Abl_EI5.1000000003.PRE.intact.d.1","PRE","death"
"012119Abl_EI5.1000000003.PRE.intact.d.2","PRE","death"
"012119Abl_EI5.1000000003.PRE.intact.m.0","PRE","division"
"012119Abl_EI5.1000000005.PRE.intact.m.0","PRE","end point"
"012119Abl_EI5.1000000006.PRE.intact.m.0","PRE","death"
"012119Abl_EI5.1000000007.PRE.intact.m.0","PRE","death"
"012119Abl_EI5.1000000008.PRE.intact.d.1","PRE","end point"
"012119Abl_EI5.1000000008.PRE.intact.d.2","PRE","end point"
"012119Abl_EI5.1000000008.PRE.intact.m.0","PRE","division"
"012119Abl_EI5.1000000009.PRE.intact.m.0","PRE","death"
"012119Abl_EI5.1000000010.PRE.intact.m.0","PRE","death"
"012119Abl_EI5.1000000013.PRE.intact.d.1","PRE","end point"
"012119Abl_EI5.1000000013.PRE.intact.d.2","PRE","end point"
"012119Abl_EI5.1000000013.PRE.intact.m.0","PRE","division"
"012119Abl_EI5.1000000014.PRE.intact.m.0","PRE","end point"
"012119Abl_EI5.1000000015.PRE.intact.m.0","PRE","end point"
"012119Abl_EI5.1000000016.PRE.intact.m.0","PRE","death"
"012119Abl_EI5.1000000018.EPI.intact.m.0","EPI","end point"
"012119Abl_EI5.1000000019.EPI.intact.d.1","EPI","death"
"012119Abl_EI5.1000000019.EPI.intact.d.2","EPI","end point"
"012119Abl_EI5.1000000019.EPI.intact.m.0","EPI","division"
"012119Abl_EI5.1000000020.EPI.intact.m.0","EPI","end point"
"012119Abl_EI5.1000000021.EPI.intact.m.0","EPI","end point"
"012119Abl_EI5.1000000022.EPI.intact.m.0","EPI","death"
"012119Abl_EI5.1000000023.EPI.intact.m.0","EPI","death"
"012119Abl_EI5.1000000024.EPI.intact.m.0","EPI","end point"
"012119Abl_EI5.1000000025.DP.intact.d.1","DP","end point"
"012119Abl_EI5.1000000025.DP.intact.d.2","DP","end point"
"012119Abl_EI5.1000000025.DP.intact.m.0","DP","division"
"012119Abl_EI5.1000000732.PRE.intact.m.0","PRE","end point"
"012119Abl_EI5.1000000756.PRE.intact.d.1","PRE","end point"
"012119Abl_EI5.1000000756.PRE.intact.d.2","PRE","end point"
"012119Abl_EI5.1000000756.PRE.intact.m.0","PRE","division"
"012119Abl_EI5.100004.PRE.intact.m.0","PRE","lost"
"012119Abl_EI5.1e+09.PRE.intact.d.1","PRE","end point"
"012119Abl_EI5.1e+09.PRE.intact.d.2","PRE","end point"
"012119Abl_EI5.1e+09.PRE.intact.m.0","PRE","division"
"012119Abl_EI6.1000000000.EPI.intact.m.0","EPI","end point"
"012119Abl_EI6.1000000000.PRE.intact.d.1","PRE","end point"
"012119Abl_EI6.1000000000.PRE.intact.d.2","PRE","end point"
"012119Abl_EI6.1000000000.PRE.intact.m.0","PRE","division"
"012119Abl_EI6.1000000001.DP.intact.m.0","DP","death"
"012119Abl_EI6.1000000001.EPI.intact.m.0","EPI","end point"
"012119Abl_EI6.1000000001.PRE.intact.d.1","PRE","end point"
"012119Abl_EI6.1000000001.PRE.intact.d.2","PRE","end point"
"012119Abl_EI6.1000000001.PRE.intact.m.0","PRE","division"
"012119Abl_EI6.1000000002.DP.intact.m.0","DP","death"
"012119Abl_EI6.1000000002.EPI.intact.m.0","EPI","end point"
"012119Abl_EI6.1000000002.PRE.intact.d.1","PRE","end point"
"012119Abl_EI6.1000000002.PRE.intact.d.2","PRE","end point"
"012119Abl_EI6.1000000002.PRE.intact.m.0","PRE","division"
"012119Abl_EI6.1000000003.PRE.intact.d.1","PRE","end point"
"012119Abl_EI6.1000000003.PRE.intact.d.2","PRE","end point"
"012119Abl_EI6.1000000003.PRE.intact.m.0","PRE","division"
"012119Abl_EI6.1000000004.DP.intact.m.0","DP","death"
"012119Abl_EI6.1000000004.PRE.intact.m.0","PRE","death"
"012119Abl_EI6.1000000005.DP.intact.d.1","DP","end point"
"012119Abl_EI6.1000000005.DP.intact.d.2","DP","end point"
"012119Abl_EI6.1000000005.DP.intact.m.0","DP","division"
"012119Abl_EI6.1000000005.PRE.intact.m.0","PRE","death"
"012119Abl_EI6.1000000006.DP.intact.d.1","DP","end point"
"012119Abl_EI6.1000000006.DP.intact.d.2","DP","end point"
"012119Abl_EI6.1000000006.DP.intact.m.0","DP","division"
"012119Abl_EI6.1000000006.PRE.intact.d.1","PRE","end point"
"012119Abl_EI6.1000000006.PRE.intact.d.2","PRE","end point"
"012119Abl_EI6.1000000006.PRE.intact.m.0","PRE","division"
"012119Abl_EI6.1000000007.DP.intact.m.0","DP","end point"
"012119Abl_EI6.1000000007.PRE.intact.d.1","PRE","death"
"012119Abl_EI6.1000000007.PRE.intact.d.2","PRE","death"
"012119Abl_EI6.1000000007.PRE.intact.m.0","PRE","division"
"012119Abl_EI6.1000000008.PRE.intact.d.1","PRE","end point"
"012119Abl_EI6.1000000008.PRE.intact.d.2","PRE","end point"
"012119Abl_EI6.1000000008.PRE.intact.m.0","PRE","division"
"012119Abl_EI6.1000000009.PRE.intact.d.1","PRE","end point"
"012119Abl_EI6.1000000009.PRE.intact.d.2","PRE","end point"
"012119Abl_EI6.1000000009.PRE.intact.m.0","PRE","division"
"012119Abl_EI6.1000000010.PRE.intact.d.1","PRE","death"
"012119Abl_EI6.1000000010.PRE.intact.d.2","PRE","death"
"012119Abl_EI6.1000000010.PRE.intact.m.0","PRE","division"
"012119Abl_EI6.1000000067.DP.intact.m.0","DP","end point"
"012119Abl_EI6.1000000523.DP.intact.m.0","DP","death"
"012318Abl_CJ2.1000000000.PRE.intact.d.1","PRE","end point"
"012318Abl_CJ2.1000000000.PRE.intact.d.2","PRE","end point"
"012318Abl_CJ2.1000000000.PRE.intact.m.0","PRE","division"
"012318Abl_CJ2.1000000000.PRE.targeted.m.0","PRE","death"
"012318Abl_CJ2.1000000009.PRE.targeted.m.0","PRE","death"
"012318Abl_CJ2.1000000013.PRE.targeted.m.0","PRE","death"
"012318Abl_CJ2.1000000026.PRE.targeted.m.0","PRE","death"
"012318Abl_CJ2.1000000046.PRE.targeted.m.0","PRE","death"
"012318Abl_CJ2.1000000089.PRE.intact.d.1","PRE","end point"
"012318Abl_CJ2.1000000089.PRE.intact.d.2","PRE","end point"
"012318Abl_CJ2.1000000089.PRE.intact.m.0","PRE","division"
"012318Abl_CJ2.1000000193.PRE.intact.d.1","PRE","end point"
"012318Abl_CJ2.1000000193.PRE.intact.d.2","PRE","death"
"012318Abl_CJ2.1000000193.PRE.intact.m.0","PRE","lost"
"012318Abl_CJ2.1000000288.PRE.intact.d.1","PRE","off frame"
"012318Abl_CJ2.1000000288.PRE.intact.d.2","PRE","end point"
"012318Abl_CJ2.1000000288.PRE.intact.m.0","PRE","division"
"012318Abl_CJ2.1000000657.DP.intact.m.0","DP","death"
"012318Abl_CJ2.1000000696.DP.intact.m.0","DP","death"
"012318Abl_CJ2.1000000738.DP.intact.m.0","DP","death"
"012318Abl_CJ2.1000000764.DP.intact.d.1","DP","lost"
"012318Abl_CJ2.1000000764.DP.intact.d.2","DP","off frame"
"012318Abl_CJ2.1000000764.DP.intact.m.0","DP","division"
"012318Abl_CJ2.1000000836.DP.intact.d.1","DP","death"
"012318Abl_CJ2.1000000836.DP.intact.d.2","DP","death"
"012318Abl_CJ2.1000000836.DP.intact.m.0","DP","division"
"012318Abl_CJ2.1000000921.DP.intact.d.1","DP","off frame"
"012318Abl_CJ2.1000000921.DP.intact.d.2","DP","off frame"
"012318Abl_CJ2.1000000921.DP.intact.m.0","DP","division"
"012318Abl_CJ3.1000000000.PRE.intact.d.1","PRE","end point"
"012318Abl_CJ3.1000000000.PRE.intact.d.2","PRE","end point"
"012318Abl_CJ3.1000000000.PRE.intact.m.0","PRE","division"
"012318Abl_CJ3.1000000069.PRE.intact.d.1","PRE","end point"
"012318Abl_CJ3.1000000069.PRE.intact.d.2","PRE","end point"
"012318Abl_CJ3.1000000069.PRE.intact.m.0","PRE","division"
"012318Abl_CJ3.1000000147.PRE.intact.d.1","PRE","end point"
"012318Abl_CJ3.1000000147.PRE.intact.d.2","PRE","end point"
"012318Abl_CJ3.1000000147.PRE.intact.m.0","PRE","division"
"012318Abl_CJ3.1000000242.PRE.intact.m.0","PRE","death"
"012318Abl_CJ3.1000000270.PRE.intact.d.1","PRE","end point"
"012318Abl_CJ3.1000000270.PRE.intact.d.2","PRE","end point"
"012318Abl_CJ3.1000000270.PRE.intact.m.0","PRE","division"
"012318Abl_CJ3.1000000371.PRE.intact.m.0","PRE","death"
"012318Abl_CJ3.1000000373.PRE.intact.m.0","PRE","end point"
"012318Abl_CJ3.1000000438.PRE.intact.m.0","PRE","death"
"012318Abl_CJ3.1000000889.DP.intact.m.0","DP","off frame"
"012318Abl_CJ3.1000000923.DP.intact.m.0","DP","death"
"012318Abl_CJ3.1000000935.DP.intact.m.0","DP","death"
"012318Abl_CJ3.1000000960.DP.intact.m.0","DP","death"
"012318Abl_CJ3.1000001002.DP.intact.m.0","DP","death"
"012318Abl_CJ3.1000001025.DP.intact.m.0","DP","off frame"
"012318Abl_CJ4.1000000000.PRE.intact.d.1","PRE","end point"
"012318Abl_CJ4.1000000000.PRE.intact.d.2","PRE","end point"
"012318Abl_CJ4.1000000000.PRE.intact.m.0","PRE","division"
"012318Abl_CJ4.1000000119.PRE.intact.m.0","PRE","death"
"012318Abl_CJ4.1000000189.PRE.intact.d.1","PRE","end point"
"012318Abl_CJ4.1000000189.PRE.intact.d.2","PRE","end point"
"012318Abl_CJ4.1000000189.PRE.intact.m.0","PRE","division"
"012318Abl_CJ4.1000000315.PRE.intact.m.0","PRE","end point"
"012318Abl_CJ4.1000000381.PRE.intact.d.1","PRE","division"
"012318Abl_CJ4.1000000381.PRE.intact.d.2","PRE","division"
"012318Abl_CJ4.1000000381.PRE.intact.gd.1.1","PRE","end point"
"012318Abl_CJ4.1000000381.PRE.intact.gd.1.2","PRE","end point"
"012318Abl_CJ4.1000000381.PRE.intact.gd.2.1","PRE","end point"
"012318Abl_CJ4.1000000381.PRE.intact.gd.2.2","PRE","end point"
"012318Abl_CJ4.1000000381.PRE.intact.m.0","PRE","division"
"012318Abl_CJ4.1000000960.DP.intact.d.1","DP","end point"
"012318Abl_CJ4.1000000960.DP.intact.d.2","DP","end point"
"012318Abl_CJ4.1000000960.DP.intact.m.0","DP","division"
"012318Abl_CJ4.1000001052.DP.intact.d.1","DP","lost"
"012318Abl_CJ4.1000001052.DP.intact.d.2","DP","lost"
"012318Abl_CJ4.1000001052.DP.intact.m.0","DP","division"
"012318Abl_CJ4.1000001111.DP.intact.m.0","DP","end point"
"012318Abl_CJ4.1000001176.DP.intact.d.1","DP","end point"
"012318Abl_CJ4.1000001176.DP.intact.d.2","DP","end point"
"012318Abl_CJ4.1000001176.DP.intact.m.0","DP","division"
"012318Abl_CJ4.1000001246.DP.intact.d.1","DP","end point"
"012318Abl_CJ4.1000001246.DP.intact.d.2","DP","end point"
"012318Abl_CJ4.1000001246.DP.intact.m.0","DP","division"
"012318Abl_CJ4.1000001329.DP.intact.m.0","DP","death"
"012318Abl_CJ4.1000001418.DP.intact.d.1","DP","end point"
"012318Abl_CJ4.1000001418.DP.intact.d.2","DP","end point"
"012318Abl_CJ4.1000001418.DP.intact.m.0","DP","division"
"012318Abl_CJ4.1000001428.DP.intact.d.1","DP","end point"
"012318Abl_CJ4.1000001428.DP.intact.d.2","DP","end point"
"012318Abl_CJ4.1000001428.DP.intact.m.0","DP","division"
"012318Abl_CJ5.1000000000.DP.intact.m.0","DP","end point"
"012318Abl_CJ5.1000000013.PRE.targeted.m.0","PRE","death"
"012318Abl_CJ5.1000000015.PRE.targeted.m.0","PRE","death"
"012318Abl_CJ5.1000000017.PRE.targeted.m.0","PRE","death"
"012318Abl_CJ5.1000000019.PRE.targeted.m.0","PRE","death"
"012318Abl_CJ5.1000000065.DP.intact.m.0","DP","death"
"012318Abl_CJ5.1000000069.DP.intact.d.1","DP","end point"
"012318Abl_CJ5.1000000069.DP.intact.d.2","DP","off frame"
"012318Abl_CJ5.1000000069.DP.intact.m.0","DP","division"
"012318Abl_CJ5.1000000157.PRE.intact.d.1","PRE","death"
"012318Abl_CJ5.1000000157.PRE.intact.d.2","PRE","off frame"
"012318Abl_CJ5.1000000157.PRE.intact.m.0","PRE","division"
"012318Abl_CJ5.1000000383.DP.intact.d.1","DP","off frame"
"012318Abl_CJ5.1000000383.DP.intact.d.2","DP","end point"
"012318Abl_CJ5.1000000383.DP.intact.m.0","DP","division"
"012318Abl_CJ5.1000000493.DP.intact.m.0","DP","death"
"012318Abl_CJ5.1000000495.DP.intact.d.1","DP","off frame"
"012318Abl_CJ5.1000000495.DP.intact.d.2","DP","end point"
"012318Abl_CJ5.1000000495.DP.intact.m.0","DP","division"
"012318Abl_CJ5.1000000566.DP.intact.d.1","DP","off frame"
"012318Abl_CJ5.1000000566.DP.intact.d.2","DP","off frame"
"012318Abl_CJ5.1000000566.DP.intact.m.0","DP","division"
"012318Abl_CJ5.1000000603.DP.intact.d.1","DP","end point"
"012318Abl_CJ5.1000000603.DP.intact.d.2","DP","end point"
"012318Abl_CJ5.1000000603.DP.intact.m.0","DP","division"
"012318Abl_CJ5.1000000671.DP.intact.d.1","DP","death"
"012318Abl_CJ5.1000000671.DP.intact.m.0","DP","division"
"013018Abl_CK3.1000000000.EPI.intact.m.0","EPI","lost"
"013018Abl_CK3.1000000000.PRE.intact.d.1","PRE","death"
"013018Abl_CK3.1000000000.PRE.intact.d.2","PRE","death"
"013018Abl_CK3.1000000000.PRE.intact.m.0","PRE","division"
"013018Abl_CK3.1000000045.DP.intact.m.0","DP","end point"
"013018Abl_CK3.1000000071.EPI.intact.m.0","EPI","lost"
"013018Abl_CK3.1000000110.PRE.intact.d.1","PRE","end point"
"013018Abl_CK3.1000000110.PRE.intact.d.2","PRE","end point"
"013018Abl_CK3.1000000110.PRE.intact.m.0","PRE","division"
"013018Abl_CK3.1000000259.PRE.intact.d.1","PRE","end point"
"013018Abl_CK3.1000000259.PRE.intact.d.2","PRE","end point"
"013018Abl_CK3.1000000259.PRE.intact.m.0","PRE","division"
"013018Abl_CK3.1000000328.PRE.intact.d.1","PRE","end point"
"013018Abl_CK3.1000000328.PRE.intact.d.2","PRE","end point"
"013018Abl_CK3.1000000328.PRE.intact.m.0","PRE","division"
"013018Abl_CK3.1000000436.PRE.intact.d.1","PRE","end point"
"013018Abl_CK3.1000000436.PRE.intact.d.2","PRE","end point"
"013018Abl_CK3.1000000436.PRE.intact.m.0","PRE","division"
"013018Abl_CK3.1000000553.PRE.intact.d.1","PRE","end point"
"013018Abl_CK3.1000000553.PRE.intact.d.2","PRE","end point"
"013018Abl_CK3.1000000553.PRE.intact.m.0","PRE","division"
"013018Abl_CK3.1000001218.PRE.intact.m.0","PRE","death"
"013018Abl_CK3.100002.PRE.targeted.m.0","PRE","death"
"013018Abl_CK3.100003.PRE.targeted.m.0","PRE","death"
"013018Abl_CK3.100004.PRE.targeted.m.0","PRE","death"
"013018Abl_CK3.100005.PRE.targeted.m.0","PRE","death"
"013018Abl_CK3.1e+09.PRE.targeted.m.0","PRE","death"
"013018Abl_CK4.1000000001.DP.intact.d.1","DP","off frame"
"013018Abl_CK4.1000000001.DP.intact.d.2","DP","end point"
"013018Abl_CK4.1000000001.DP.intact.m.0","DP","division"
"013018Abl_CK4.1000000002.PRE.targeted.m.0","PRE","death"
"013018Abl_CK4.1000000003.PRE.targeted.m.0","PRE","death"
"013018Abl_CK4.1000000004.PRE.targeted.m.0","PRE","death"
"013018Abl_CK4.1000000083.PRE.intact.m.0","PRE","end point"
"013018Abl_CK4.1000000103.DP.intact.d.1","DP","death"
"013018Abl_CK4.1000000103.DP.intact.d.2","DP","off frame"
"013018Abl_CK4.1000000103.DP.intact.m.0","DP","division"
"013018Abl_CK4.1000000227.PRE.intact.d.1","PRE","end point"
"013018Abl_CK4.1000000227.PRE.intact.d.2","PRE","end point"
"013018Abl_CK4.1000000227.PRE.intact.m.0","PRE","division"
"013018Abl_CK4.1000000300.DP.intact.m.0","DP","death"
"013018Abl_CK4.1000000356.DP.intact.m.0","DP","off frame"
"013018Abl_CK4.1000000369.PRE.targeted.m.0","PRE","death"
"013018Abl_CK4.1000000385.DP.intact.d.1","DP","lost"
"013018Abl_CK4.1000000385.DP.intact.d.2","DP","off frame"
"013018Abl_CK4.1000000385.DP.intact.m.0","DP","division"
"013018Abl_CK4.1000000413.PRE.targeted.m.0","PRE","death"
"013018Abl_CK4.1000000445.PRE.intact.m.0","PRE","end point"
"013018Abl_CK4.1000000474.PRE.targeted.m.0","PRE","off frame"
"013018Abl_CK4.1000000479.DP.intact.m.0","DP","end point"
"013018Abl_CK4.100005.PRE.targeted.m.0","PRE","death"
"013018Abl_CK4.100444.PRE.intact.m.0","PRE","death"
"013018Abl_CK4.1e+09.PRE.intact.d.1","PRE","end point"
"013018Abl_CK4.1e+09.PRE.intact.d.2","PRE","end point"
"013018Abl_CK4.1e+09.PRE.intact.m.0","PRE","division"
"013018Abl_CK4.1e+09.PRE.targeted.m.0","PRE","end point"
"013018Abl_CK6.1000000000.DP.intact.d.1","DP","death"
"013018Abl_CK6.1000000000.DP.intact.d.2","DP","death"
"013018Abl_CK6.1000000000.DP.intact.m.0","DP","division"
"013018Abl_CK6.1000000000.PRE.targeted.m.0","PRE","death"
"013018Abl_CK6.1000000001.DP.intact.d.1","DP","end point"
"013018Abl_CK6.1000000001.DP.intact.d.2","DP","end point"
"013018Abl_CK6.1000000001.DP.intact.m.0","DP","division"
"013018Abl_CK6.1000000001.PRE.intact.d.1","PRE","death"
"013018Abl_CK6.1000000001.PRE.intact.d.2","PRE","death"
"013018Abl_CK6.1000000001.PRE.intact.m.0","PRE","division"
"013018Abl_CK6.1000000001.PRE.targeted.m.0","PRE","death"
"013018Abl_CK6.1000000002.DP.intact.m.0","DP","death"
"013018Abl_CK6.1000000002.PRE.intact.d.1","PRE","end point"
"013018Abl_CK6.1000000002.PRE.intact.d.2","PRE","end point"
"013018Abl_CK6.1000000002.PRE.intact.m.0","PRE","division"
"013018Abl_CK6.1000000002.PRE.targeted.m.0","PRE","death"
"013018Abl_CK6.1000000003.DP.intact.d.1","DP","death"
"013018Abl_CK6.1000000003.DP.intact.d.2","DP","end point"
"013018Abl_CK6.1000000003.DP.intact.m.0","DP","division"
"013018Abl_CK6.1000000003.PRE.targeted.m.0","PRE","death"
"013018Abl_CK6.1000000004.DP.intact.d.1","DP","death"
"013018Abl_CK6.1000000004.DP.intact.d.2","DP","end point"
"013018Abl_CK6.1000000004.DP.intact.m.0","DP","division"
"013018Abl_CK6.1000000004.PRE.targeted.m.0","PRE","death"
"013018Abl_CK6.1000000005.PRE.intact.d.1","PRE","end point"
"013018Abl_CK6.1000000005.PRE.intact.d.2","PRE","end point"
"013018Abl_CK6.1000000005.PRE.intact.m.0","PRE","division"
"013018Abl_CK6.1000000005.PRE.targeted.m.0","PRE","death"
"013018Abl_CK6.1000000006.PRE.targeted.m.0","PRE","death"
"013018Abl_CK6.1000000007.PRE.targeted.m.0","PRE","death"
"013018Abl_CK6.1000001009.DP.intact.d.1","DP","death"
"013018Abl_CK6.1000001009.DP.intact.d.2","DP","end point"
"013018Abl_CK6.1000001009.DP.intact.m.0","DP","division"
"013018Abl_CK7.1000000000.DP.intact.m.0","DP","death"
"013018Abl_CK7.1000000000.PRE.intact.m.0","PRE","death"
"013018Abl_CK7.1000000001.DP.intact.d.1","DP","end point"
"013018Abl_CK7.1000000001.DP.intact.d.2","DP","end point"
"013018Abl_CK7.1000000001.DP.intact.m.0","DP","division"
"013018Abl_CK7.1000000001.PRE.intact.d.1","PRE","end point"
"013018Abl_CK7.1000000001.PRE.intact.d.2","PRE","end point"
"013018Abl_CK7.1000000001.PRE.intact.m.0","PRE","division"
"013018Abl_CK7.1000000002.DP.intact.d.1","DP","death"
"013018Abl_CK7.1000000002.DP.intact.d.2","DP","death"
"013018Abl_CK7.1000000002.DP.intact.m.0","DP","division"
"013018Abl_CK7.1000000003.DP.intact.d.1","DP","lost"
"013018Abl_CK7.1000000003.DP.intact.d.2","DP","lost"
"013018Abl_CK7.1000000003.DP.intact.m.0","DP","division"
"013018Abl_CK7.1000000003.PRE.intact.d.1","PRE","end point"
"013018Abl_CK7.1000000003.PRE.intact.d.2","PRE","off frame"
"013018Abl_CK7.1000000003.PRE.intact.m.0","PRE","division"
"013018Abl_CK7.1000000004.DP.intact.m.0","DP","death"
"013018Abl_CK7.1000000004.PRE.intact.d.1","PRE","end point"
"013018Abl_CK7.1000000004.PRE.intact.d.2","PRE","end point"
"013018Abl_CK7.1000000004.PRE.intact.m.0","PRE","division"
"013018Abl_CK7.1000000005.DP.intact.d.1","DP","death"
"013018Abl_CK7.1000000005.DP.intact.d.2","DP","death"
"013018Abl_CK7.1000000005.DP.intact.m.0","DP","division"
"013018Abl_CK7.1000000005.PRE.intact.m.0","PRE","death"
"013018Abl_CK7.1000000006.PRE.intact.d.1","PRE","end point"
"013018Abl_CK7.1000000006.PRE.intact.d.2","PRE","end point"
"013018Abl_CK7.1000000006.PRE.intact.m.0","PRE","division"
"013018Abl_CK7.1000000007.PRE.intact.d.1","PRE","end point"
"013018Abl_CK7.1000000007.PRE.intact.d.2","PRE","end point"
"013018Abl_CK7.1000000007.PRE.intact.m.0","PRE","division"
"013018Abl_CK7.1000000008.PRE.intact.m.0","PRE","death"
"013018Abl_CK7.1000000137.PRE.intact.d.1","PRE","end point"
"013018Abl_CK7.1000000137.PRE.intact.d.2","PRE","end point"
"013018Abl_CK7.1000000137.PRE.intact.m.0","PRE","division"
"013118Abl_CL2.1000000000.PRE.intact.m.0","PRE","death"
"013118Abl_CL2.1000000001.PRE.intact.d.1","PRE","end point"
"013118Abl_CL2.1000000001.PRE.intact.d.2","PRE","end point"
"013118Abl_CL2.1000000001.PRE.intact.m.0","PRE","division"
"013118Abl_CL2.1000000002.PRE.targeted.m.0","PRE","death"
"013118Abl_CL2.1000000003.DP.intact.d.1","DP","end point"
"013118Abl_CL2.1000000003.DP.intact.d.2","DP","end point"
"013118Abl_CL2.1000000003.DP.intact.m.0","DP","division"
"013118Abl_CL2.1000000004.DP.intact.m.0","DP","end point"
"013118Abl_CL2.1000000005.DP.intact.m.0","DP","death"
"013118Abl_CL2.1000000006.DP.intact.d.1","DP","death"
"013118Abl_CL2.1000000006.DP.intact.d.2","DP","death"
"013118Abl_CL2.1000000006.DP.intact.m.0","DP","division"
"013118Abl_CL2.1000000007.DP.intact.d.1","DP","end point"
"013118Abl_CL2.1000000007.DP.intact.d.2","DP","end point"
"013118Abl_CL2.1000000007.DP.intact.m.0","DP","division"
"013118Abl_CL2.1000000008.DP.intact.m.0","DP","death"
"013118Abl_CL2.1000000009.DP.intact.m.0","DP","death"
"013118Abl_CL2.1000000011.DP.intact.d.1","DP","end point"
"013118Abl_CL2.1000000011.DP.intact.d.2","DP","end point"
"013118Abl_CL2.1000000011.DP.intact.m.0","DP","division"
"013118Abl_CL2.1000000012.DP.intact.m.0","DP","death"
"013118Abl_CL2.1000000013.DP.intact.d.1","DP","death"
"013118Abl_CL2.1000000013.DP.intact.d.2","DP","death"
"013118Abl_CL2.1000000013.DP.intact.m.0","DP","division"
"013118Abl_CL2.1000000014.DP.intact.d.1","DP","end point"
"013118Abl_CL2.1000000014.DP.intact.d.2","DP","end point"
"013118Abl_CL2.1000000014.DP.intact.m.0","DP","division"
"013118Abl_CL2.1000000015.DP.intact.m.0","DP","death"
"013118Abl_CL2.1000000860.DP.intact.m.0","DP","death"
"013118Abl_CL3.1000000000.PRE.intact.m.0","PRE","death"
"013118Abl_CL3.1000000000.PRE.targeted.m.0","PRE","death"
"013118Abl_CL3.1000000001.DP.intact.d.1","DP","end point"
"013118Abl_CL3.1000000001.DP.intact.d.2","DP","end point"
"013118Abl_CL3.1000000001.DP.intact.m.0","DP","division"
"013118Abl_CL3.1000000001.PRE.targeted.m.0","PRE","death"
"013118Abl_CL3.1000000002.PRE.intact.m.0","PRE","end point"
"013118Abl_CL3.1000000002.PRE.targeted.m.0","PRE","death"
"013118Abl_CL3.1000000003.PRE.targeted.m.0","PRE","death"
"013118Abl_CL3.1000000010.DP.intact.m.0","DP","end point"
"013118Abl_CL3.1000000085.DP.intact.m.0","DP","end point"
"013118Abl_CL3.1000000086.DP.intact.m.0","DP","end point"
"013118Abl_CL3.1000000087.DP.intact.d.1","DP","end point"
"013118Abl_CL3.1000000087.DP.intact.d.2","DP","end point"
"013118Abl_CL3.1000000087.DP.intact.m.0","DP","division"
"013118Abl_CL3.1000000088.DP.intact.m.0","DP","end point"
"013118Abl_CL3.1000000089.DP.intact.m.0","DP","death"
"013118Abl_CL3.1000000090.DP.intact.m.0","DP","death"
"013118Abl_CL3.1000000091.DP.intact.d.1","DP","end point"
"013118Abl_CL3.1000000091.DP.intact.d.2","DP","end point"
"013118Abl_CL3.1000000091.DP.intact.m.0","DP","division"
"013118Abl_CL3.1000000303.DP.intact.m.0","DP","end point"
"013118Abl_CL3.1000000377.DP.intact.m.0","DP","death"
"013118Abl_CL3.1000000588.DP.intact.m.0","DP","death"
"013118Abl_CL3.1000000818.DP.intact.m.0","DP","death"
"013118Abl_CL3.1000001808.DP.intact.d.1","DP","end point"
"013118Abl_CL3.1000001808.DP.intact.d.2","DP","lost"
"013118Abl_CL3.1000001808.DP.intact.m.0","DP","division"
"013118Abl_CL4.1000000000.DP.intact.d.1","DP","end point"
"013118Abl_CL4.1000000000.DP.intact.d.2","DP","end point"
"013118Abl_CL4.1000000000.DP.intact.m.0","DP","division"
"013118Abl_CL4.1000000000.PRE.intact.d.1","PRE","end point"
"013118Abl_CL4.1000000000.PRE.intact.d.2","PRE","end point"
"013118Abl_CL4.1000000000.PRE.intact.m.0","PRE","division"
"013118Abl_CL4.1000000001.DP.intact.d.1","DP","death"
"013118Abl_CL4.1000000001.DP.intact.d.2","DP","end point"
"013118Abl_CL4.1000000001.DP.intact.m.0","DP","division"
"013118Abl_CL4.1000000001.PRE.intact.d.1","PRE","death"
"013118Abl_CL4.1000000001.PRE.intact.d.2","PRE","death"
"013118Abl_CL4.1000000001.PRE.intact.m.0","PRE","death"
"013118Abl_CL4.1000000002.DP.intact.d.1","DP","end point"
"013118Abl_CL4.1000000002.DP.intact.d.2","DP","end point"
"013118Abl_CL4.1000000002.DP.intact.m.0","DP","division"
"013118Abl_CL4.1000000002.PRE.intact.d.1","PRE","end point"
"013118Abl_CL4.1000000002.PRE.intact.d.2","PRE","end point"
"013118Abl_CL4.1000000002.PRE.intact.m.0","PRE","division"
"013118Abl_CL4.1000000003.DP.intact.d.1","DP","end point"
"013118Abl_CL4.1000000003.DP.intact.d.2","DP","end point"
"013118Abl_CL4.1000000003.DP.intact.m.0","DP","division"
"013118Abl_CL4.1000000003.PRE.intact.d.1","PRE","death"
"013118Abl_CL4.1000000003.PRE.intact.d.2","PRE","end point"
"013118Abl_CL4.1000000003.PRE.intact.m.0","PRE","division"
"013118Abl_CL4.1000000004.DP.intact.d.1","DP","end point"
"013118Abl_CL4.1000000004.DP.intact.d.2","DP","off frame"
"013118Abl_CL4.1000000004.DP.intact.m.0","DP","division"
"013118Abl_CL4.1000000004.PRE.intact.d.1","PRE","off frame"
"013118Abl_CL4.1000000004.PRE.intact.d.2","PRE","end point"
"013118Abl_CL4.1000000004.PRE.intact.m.0","PRE","division"
"013118Abl_CL4.1000000005.DP.intact.d.1","DP","end point"
"013118Abl_CL4.1000000005.DP.intact.d.2","DP","end point"
"013118Abl_CL4.1000000005.DP.intact.m.0","DP","division"
"013118Abl_CL4.1000000005.PRE.intact.d.1","PRE","death"
"013118Abl_CL4.1000000005.PRE.intact.d.2","PRE","end point"
"013118Abl_CL4.1000000005.PRE.intact.m.0","PRE","division"
"013118Abl_CL4.1000000006.DP.intact.d.1","DP","death"
"013118Abl_CL4.1000000006.DP.intact.d.2","DP","death"
"013118Abl_CL4.1000000006.DP.intact.m.0","DP","division"
"013118Abl_CL4.1000000006.PRE.intact.m.0","PRE","death"
"013118Abl_CL4.1000000007.DP.intact.d.1","DP","end point"
"013118Abl_CL4.1000000007.DP.intact.d.2","DP","end point"
"013118Abl_CL4.1000000007.DP.intact.m.0","DP","division"
"013118Abl_CL4.1000000009.DP.intact.m.0","DP","death"
"013118Abl_CL4.1000000010.DP.intact.d.1","DP","end point"
"013118Abl_CL4.1000000010.DP.intact.d.2","DP","end point"
"013118Abl_CL4.1000000010.DP.intact.m.0","DP","division"
"013118Abl_CL4.1000000977.DP.intact.d.1","DP","end point"
"013118Abl_CL4.1000000977.DP.intact.d.2","DP","off frame"
"013118Abl_CL4.1000000977.DP.intact.m.0","DP","division"
"013118Abl_CL5.1000000000.DP.intact.d.1","DP","end point"
"013118Abl_CL5.1000000000.DP.intact.d.2","DP","end point"
"013118Abl_CL5.1000000000.DP.intact.m.0","DP","division"
"013118Abl_CL5.1000000001.DP.intact.d.1","DP","lost"
"013118Abl_CL5.1000000001.DP.intact.d.2","DP","lost"
"013118Abl_CL5.1000000001.DP.intact.m.0","DP","division"
"013118Abl_CL5.1000000002.DP.intact.d.1","DP","lost"
"013118Abl_CL5.1000000002.DP.intact.d.2","DP","division"
"013118Abl_CL5.1000000002.DP.intact.gd.2.1","DP","end point"
"013118Abl_CL5.1000000002.DP.intact.gd.2.2","DP","end point"
"013118Abl_CL5.1000000002.DP.intact.m.0","DP","division"
"013118Abl_CL5.1000000003.DP.intact.d.1","DP","death"
"013118Abl_CL5.1000000003.DP.intact.d.2","DP","death"
"013118Abl_CL5.1000000003.DP.intact.m.0","DP","division"
"013118Abl_CL5.1000000003.PRE.targeted.m.0","PRE","death"
"013118Abl_CL5.1000000004.DP.intact.d.1","DP","death"
"013118Abl_CL5.1000000004.DP.intact.d.2","DP","death"
"013118Abl_CL5.1000000004.DP.intact.m.0","DP","division"
"013118Abl_CL5.1000000005.DP.intact.d.1","DP","end point"
"013118Abl_CL5.1000000005.DP.intact.d.2","DP","end point"
"013118Abl_CL5.1000000005.DP.intact.m.0","DP","division"
"013118Abl_CL5.1000000006.DP.intact.d.1","DP","death"
"013118Abl_CL5.1000000006.DP.intact.d.2","DP","division"
"013118Abl_CL5.1000000006.DP.intact.gd.2.1","DP","end point"
"013118Abl_CL5.1000000006.DP.intact.gd.2.2","DP","end point"
"013118Abl_CL5.1000000006.DP.intact.m.0","DP","division"
"013118Abl_CL5.1000000007.DP.intact.d.1","DP","end point"
"013118Abl_CL5.1000000007.DP.intact.d.2","DP","death"
"013118Abl_CL5.1000000007.DP.intact.m.0","DP","division"
"013118Abl_CL5.1000000008.DP.intact.d.1","DP","death"
"013118Abl_CL5.1000000008.DP.intact.d.2","DP","end point"
"013118Abl_CL5.1000000008.DP.intact.m.0","DP","division"
"013118Abl_CL5.1000000026.PRE.targeted.m.0","PRE","death"
"013118Abl_CL5.1000000818.DP.intact.d.1","DP","death"
"013118Abl_CL5.1000000818.DP.intact.d.2","DP","end point"
"013118Abl_CL5.1000000818.DP.intact.m.0","DP","division"
"013118Abl_CL5.1000001362.DP.intact.d.1","DP","end point"
"013118Abl_CL5.1000001362.DP.intact.d.2","DP","end point"
"013118Abl_CL5.1000001362.DP.intact.m.0","DP","division"
"013118Abl_CL5.100001.PRE.targeted.m.0","PRE","death"
"013118Abl_CL5.1e+09.PRE.targeted.m.0","PRE","death"
"013118Abl_CM1.1000000000.DP.intact.m.0","DP","lost"
"013118Abl_CM1.1000000000.PRE.intact.m.0","PRE","death"
"013118Abl_CM1.1000000000.PRE.targeted.m.0","PRE","death"
"013118Abl_CM1.1000000001.PRE.intact.d.1","PRE","death"
"013118Abl_CM1.1000000001.PRE.intact.d.2","PRE","death"
"013118Abl_CM1.1000000001.PRE.intact.m.0","PRE","division"
"013118Abl_CM1.1000000001.PRE.targeted.m.0","PRE","death"
"013118Abl_CM1.1000000002.PRE.targeted.m.0","PRE","death"
"013118Abl_CM1.1000000010.DP.intact.m.0","DP","death"
"013118Abl_CM1.1000000012.DP.intact.m.0","DP","death"
"013118Abl_CM1.1000000013.PRE.intact.m.0","PRE","death"
"013118Abl_CM1.1000000014.DP.intact.m.0","DP","death"
"013118Abl_CM1.1000000015.DP.intact.m.0","DP","death"
"013118Abl_CM1.1000000016.DP.intact.m.0","DP","death"
"013118Abl_CM1.1000000068.DP.intact.m.0","DP","death"
"013118Abl_CM3.1000000000.DP.intact.d.1","DP","lost"
"013118Abl_CM3.1000000000.DP.intact.d.2","DP","end point"
"013118Abl_CM3.1000000000.DP.intact.m.0","DP","division"
"013118Abl_CM3.1000000000.PRE.intact.m.0","PRE","death"
"013118Abl_CM3.1000000000.PRE.targeted.m.0","PRE","death"
"013118Abl_CM3.1000000001.DP.intact.d.1","DP","lost"
"013118Abl_CM3.1000000001.DP.intact.d.2","DP","death"
"013118Abl_CM3.1000000001.DP.intact.m.0","DP","division"
"013118Abl_CM3.1000000001.DP.targeted.m.0","DP","death"
"013118Abl_CM3.1000000001.PRE.intact.m.0","PRE","death"
"013118Abl_CM3.1000000002.DP.intact.m.0","DP","end point"
"013118Abl_CM3.1000000002.PRE.intact.m.0","PRE","death"
"013118Abl_CM3.1000000002.PRE.targeted.m.0","PRE","death"
"013118Abl_CM3.1000000003.DP.intact.d.1","DP","death"
"013118Abl_CM3.1000000003.DP.intact.d.2","DP","end point"
"013118Abl_CM3.1000000003.DP.intact.m.0","DP","division"
"013118Abl_CM3.1000000004.DP.intact.m.0","DP","death"
"013118Abl_CM3.1000000005.DP.intact.m.0","DP","death"
"013118Abl_CM3.1000000006.DP.intact.d.1","DP","end point"
"013118Abl_CM3.1000000006.DP.intact.d.2","DP","end point"
"013118Abl_CM3.1000000006.DP.intact.m.0","DP","division"
"013118Abl_CM3.1000000007.DP.intact.m.0","DP","end point"
"013118Abl_CM3.1000001112.DP.intact.m.0","DP","death"
"013118Abl_CM4.1000000001.DP.intact.d.1","DP","end point"
"013118Abl_CM4.1000000001.DP.intact.d.2","DP","end point"
"013118Abl_CM4.1000000001.DP.intact.m.0","DP","division"
"013118Abl_CM4.1000000002.DP.intact.d.1","DP","end point"
"013118Abl_CM4.1000000002.DP.intact.d.2","DP","end point"
"013118Abl_CM4.1000000002.DP.intact.m.0","DP","division"
"013118Abl_CM4.1000000003.DP.intact.m.0","DP","end point"
"013118Abl_CM4.1000000006.DP.intact.m.0","DP","death"
"013118Abl_CM4.1000000007.DP.intact.d.1","DP","end point"
"013118Abl_CM4.1000000007.DP.intact.d.2","DP","end point"
"013118Abl_CM4.1000000007.DP.intact.m.0","DP","division"
"013118Abl_CM4.1000000007.PRE.intact.m.0","PRE","death"
"013118Abl_CM4.1000000009.DP.intact.m.0","DP","lost"
"013118Abl_CM4.1000000329.DP.intact.m.0","DP","death"
"013118Abl_CM4.1000000758.DP.intact.d.1","DP","end point"
"013118Abl_CM4.1000000758.DP.intact.d.2","DP","end point"
"013118Abl_CM4.1000000758.DP.intact.m.0","DP","division"
"013118Abl_CM4.1000001054.PRE.intact.d.1","PRE","end point"
"013118Abl_CM4.1000001054.PRE.intact.d.2","PRE","end point"
"013118Abl_CM4.1000001054.PRE.intact.m.0","PRE","division"
"013118Abl_CM4.1000001055.PRE.intact.d.1","PRE","end point"
"013118Abl_CM4.1000001055.PRE.intact.d.2","PRE","end point"
"013118Abl_CM4.1000001055.PRE.intact.m.0","PRE","division"
"013118Abl_CM4.1000001056.PRE.intact.d.1","PRE","end point"
"013118Abl_CM4.1000001056.PRE.intact.d.2","PRE","end point"
"013118Abl_CM4.1000001056.PRE.intact.m.0","PRE","division"
"013118Abl_CM4.1000001057.PRE.intact.d.1","PRE","death"
"013118Abl_CM4.1000001057.PRE.intact.d.2","PRE","end point"
"013118Abl_CM4.1000001057.PRE.intact.m.0","PRE","division"
"013118Abl_CM4.1000001058.PRE.intact.m.0","PRE","death"
"013118Abl_CM4.1000001060.PRE.intact.m.0","PRE","death"
"013118Abl_CM4.1000001061.PRE.intact.d.1","PRE","end point"
"013118Abl_CM4.1000001061.PRE.intact.d.2","PRE","death"
"013118Abl_CM4.1000001061.PRE.intact.m.0","PRE","division"
"013118Abl_CM4.1000001062.PRE.intact.m.0","PRE","death"
"013118Abl_CM4.1000001063.PRE.intact.d.1","PRE","end point"
"013118Abl_CM4.1000001063.PRE.intact.d.2","PRE","off frame"
"013118Abl_CM4.1000001063.PRE.intact.m.0","PRE","division"
"013118Abl_CM4.1000001627.PRE.intact.d.1","PRE","death"
"013118Abl_CM4.1000001627.PRE.intact.d.2","PRE","end point"
"013118Abl_CM4.1000001627.PRE.intact.m.0","PRE","division"
"013118Abl_CM4.1000002173.DP.intact.d.1","DP","lost"
"013118Abl_CM4.1000002173.DP.intact.d.2","DP","lost"
"013118Abl_CM4.1000002173.DP.intact.m.0","DP","division"
"013118Abl_CM4.1000002381.DP.intact.m.0","DP","death"
"013118Abl_CM4.1000002418.EPI.intact.m.0","EPI","lost"
"013118Abl_CN1.1000000000.PRE.intact.m.0","PRE","end point"
"013118Abl_CN1.1000000002.PRE.targeted.m.0","PRE","end point"
"013118Abl_CN1.1000000069.PRE.intact.m.0","PRE","end point"
"013118Abl_CN1.1000000071.PRE.targeted.m.0","PRE","death"
"013118Abl_CN1.1000000095.PRE.targeted.m.0","PRE","death"
"013118Abl_CN1.1000000138.PRE.intact.m.0","PRE","end point"
"013118Abl_CN1.1000000166.PRE.targeted.m.0","PRE","death"
"013118Abl_CN1.1000000171.PRE.targeted.m.0","PRE","death"
"013118Abl_CN1.1000000207.PRE.intact.m.0","PRE","death"
"013118Abl_CN1.1000000210.PRE.intact.m.0","PRE","end point"
"013118Abl_CN1.1000000279.PRE.intact.m.0","PRE","death"
"013118Abl_CN1.1000000580.PRE.intact.d.1","PRE","death"
"013118Abl_CN1.1000000580.PRE.intact.d.2","PRE","death"
"013118Abl_CN1.1000000580.PRE.intact.m.0","PRE","division"
"013118Abl_CN1.1000000601.PRE.intact.m.0","PRE","end point"
"013118Abl_CN1.1000000670.DP.intact.m.0","DP","end point"
"013118Abl_CN1.1000000739.DP.intact.m.0","DP","death"
"020618Abl_CQ3.1000000000.EPI.intact.d.1","EPI","lost"
"020618Abl_CQ3.1000000000.EPI.intact.d.2","EPI","lost"
"020618Abl_CQ3.1000000000.EPI.intact.m.0","EPI","division"
"020618Abl_CQ3.1000000000.PRE.intact.d.1","PRE","lost"
"020618Abl_CQ3.1000000000.PRE.intact.m.0","PRE","death"
"020618Abl_CQ3.1000000016.PRE.intact.m.0","PRE","division"
"020618Abl_CQ3.1000000055.PRE.intact.m.0","PRE","end point"
"020618Abl_CQ3.1000000068.EPI.intact.m.0","EPI","end point"
"020618Abl_CQ3.1000000096.PRE.intact.d.1","PRE","end point"
"020618Abl_CQ3.1000000096.PRE.intact.d.2","PRE","division"
"020618Abl_CQ3.1000000096.PRE.intact.gd.2.1","PRE","end point"
"020618Abl_CQ3.1000000096.PRE.intact.gd.2.2","PRE","end point"
"020618Abl_CQ3.1000000096.PRE.intact.m.0","PRE","division"
"020618Abl_CQ3.1000000135.PRE.intact.m.0","PRE","death"
"020618Abl_CQ3.1000000152.EPI.intact.d.1","EPI","end point"
"020618Abl_CQ3.1000000152.EPI.intact.d.2","EPI","end point"
"020618Abl_CQ3.1000000152.EPI.intact.m.0","EPI","division"
"020618Abl_CQ3.1000000180.DP.intact.m.0","DP","end point"
"020618Abl_CQ3.1000000237.PRE.intact.d.1","PRE","death"
"020618Abl_CQ3.1000000237.PRE.intact.d.2","PRE","death"
"020618Abl_CQ3.1000000237.PRE.intact.m.0","PRE","division"
"020618Abl_CQ3.1000000260.DP.intact.d.1","DP","death"
"020618Abl_CQ3.1000000260.DP.intact.d.2","DP","end point"
"020618Abl_CQ3.1000000260.DP.intact.m.0","DP","division"
"020618Abl_CQ3.1000000288.EPI.intact.m.0","EPI","end point"
"020618Abl_CQ3.1000000301.PRE.intact.d.1","PRE","end point"
"020618Abl_CQ3.1000000301.PRE.intact.d.2","PRE","end point"
"020618Abl_CQ3.1000000301.PRE.intact.m.0","PRE","division"
"020618Abl_CQ3.1000000386.PRE.intact.d.1","PRE","end point"
"020618Abl_CQ3.1000000386.PRE.intact.d.2","PRE","end point"
"020618Abl_CQ3.1000000386.PRE.intact.m.0","PRE","division"
"020618Abl_CQ3.1000000478.DP.intact.d.1","DP","end point"
"020618Abl_CQ3.1000000478.DP.intact.d.2","DP","end point"
"020618Abl_CQ3.1000000478.DP.intact.m.0","DP","division"
"020618Abl_CQ3.1000000667.EPI.intact.m.0","EPI","end point"
"020618Abl_CQ3.1000000677.PRE.intact.m.0","PRE","death"
"020618Abl_CQ3.1000000704.DP.intact.m.0","DP","end point"
"020618Abl_CQ3.1000000725.EPI.intact.m.0","EPI","end point"
"020618Abl_CQ3.1000000832.EPI.intact.m.0","EPI","end point"
"020618Abl_CQ3.1000000939.EPI.intact.m.0","EPI","end point"
"020618Abl_CQ3.1000001040.DP.intact.m.0","DP","death"
"020618Abl_CQ3.1000001042.DP.intact.d.1","DP","off frame"
"020618Abl_CQ3.1000001042.DP.intact.d.2","DP","end point"
"020618Abl_CQ3.1000001042.DP.intact.m.0","DP","division"
"020618Abl_CQ3.1000001044.DP.intact.m.0","DP","death"
"020618Abl_CQ3.1000001045.DP.intact.m.0","DP","death"
"020618Abl_CQ3.1000001047.DP.intact.d.1","DP","death"
"020618Abl_CQ3.1000001047.DP.intact.d.2","DP","end point"
"020618Abl_CQ3.1000001047.DP.intact.m.0","DP","division"
"020618Abl_CQ3.1000001048.DP.intact.d.1","DP","death"
"020618Abl_CQ3.1000001048.DP.intact.d.2","DP","death"
"020618Abl_CQ3.1000001048.DP.intact.m.0","DP","division"
"020618Abl_CQ3.1000001185.PRE.intact.m.0","PRE","death"
"020618Abl_CQ3.1000001186.DP.intact.m.0","DP","death"
"020618Abl_CQ3.1000001187.PRE.intact.m.0","PRE","death"
"020618Abl_CQ3.1000001494.DP.intact.d.1","DP","off frame"
"020618Abl_CQ3.1000001494.DP.intact.d.2","DP","lost"
"020618Abl_CQ3.1000001494.DP.intact.m.0","DP","division"
"020618Abl_CQ5.1000000000.EPI.intact.d.1","EPI","end point"
"020618Abl_CQ5.1000000000.EPI.intact.d.2","EPI","end point"
"020618Abl_CQ5.1000000000.EPI.intact.m.0","EPI","division"
"020618Abl_CQ5.1000000000.PRE.intact.d.1","PRE","end point"
"020618Abl_CQ5.1000000000.PRE.intact.d.2","PRE","end point"
"020618Abl_CQ5.1000000000.PRE.intact.m.0","PRE","division"
"020618Abl_CQ5.1000000001.PRE.intact.m.0","PRE","death"
"020618Abl_CQ5.1000000022.PRE.intact.m.0","PRE","death"
"020618Abl_CQ5.1000000039.PRE.intact.m.0","PRE","death"
"020618Abl_CQ5.1000000048.PRE.intact.m.0","PRE","death"
"020618Abl_CQ5.1000000067.PRE.intact.d.1","PRE","end point"
"020618Abl_CQ5.1000000067.PRE.intact.d.2","PRE","end point"
"020618Abl_CQ5.1000000067.PRE.intact.m.0","PRE","division"
"020618Abl_CQ5.1000000116.DP.intact.d.1","DP","end point"
"020618Abl_CQ5.1000000116.DP.intact.d.2","DP","end point"
"020618Abl_CQ5.1000000116.DP.intact.m.0","DP","division"
"020618Abl_CQ5.1000000132.EPI.intact.m.0","EPI","death"
"020618Abl_CQ5.1000000164.EPI.intact.d.1","EPI","end point"
"020618Abl_CQ5.1000000164.EPI.intact.d.2","EPI","end point"
"020618Abl_CQ5.1000000164.EPI.intact.m.0","EPI","division"
"020618Abl_CQ5.1000000189.PRE.intact.d.1","PRE","end point"
"020618Abl_CQ5.1000000189.PRE.intact.d.2","PRE","end point"
"020618Abl_CQ5.1000000189.PRE.intact.m.0","PRE","division"
"020618Abl_CQ5.1000000245.DP.intact.m.0","DP","death"
"020618Abl_CQ5.1000000269.DP.intact.d.1","DP","end point"
"020618Abl_CQ5.1000000269.DP.intact.d.2","DP","end point"
"020618Abl_CQ5.1000000269.DP.intact.m.0","DP","division"
"020618Abl_CQ5.1000000299.PRE.intact.d.1","PRE","lost"
"020618Abl_CQ5.1000000299.PRE.intact.d.2","PRE","lost"
"020618Abl_CQ5.1000000299.PRE.intact.m.0","PRE","division"
"020618Abl_CQ5.1000000316.EPI.intact.d.1","EPI","end point"
"020618Abl_CQ5.1000000316.EPI.intact.d.2","EPI","end point"
"020618Abl_CQ5.1000000316.EPI.intact.m.0","EPI","division"
"020618Abl_CQ5.1000000325.DP.intact.d.1","DP","end point"
"020618Abl_CQ5.1000000325.DP.intact.d.2","DP","end point"
"020618Abl_CQ5.1000000325.DP.intact.m.0","DP","division"
"020618Abl_CQ5.1000000350.PRE.intact.d.1","PRE","end point"
"020618Abl_CQ5.1000000350.PRE.intact.d.2","PRE","end point"
"020618Abl_CQ5.1000000350.PRE.intact.m.0","PRE","division"
"020618Abl_CQ5.1000000433.DP.intact.d.1","DP","end point"
"020618Abl_CQ5.1000000433.DP.intact.d.2","DP","death"
"020618Abl_CQ5.1000000433.DP.intact.m.0","DP","division"
"020618Abl_CQ5.1000000460.PRE.intact.d.1","PRE","end point"
"020618Abl_CQ5.1000000460.PRE.intact.d.2","PRE","end point"
"020618Abl_CQ5.1000000460.PRE.intact.m.0","PRE","division"
"020618Abl_CQ5.1000000461.PRE.intact.m.0","PRE","death"
"020618Abl_CQ5.1000000462.PRE.intact.m.0","PRE","death"
"020618Abl_CQ5.1000000472.EPI.intact.d.1","EPI","end point"
"020618Abl_CQ5.1000000472.EPI.intact.d.2","EPI","end point"
"020618Abl_CQ5.1000000472.EPI.intact.m.0","EPI","division"
"020618Abl_CQ5.1000000591.DP.intact.m.0","DP","death"
"020618Abl_CQ5.1000000949.EPI.intact.m.0","EPI","death"
"020618Abl_CQ5.1000000969.EPI.intact.m.0","EPI","death"
"020618Abl_CQ5.1000001002.EPI.intact.m.0","EPI","death"
"020618Abl_CQ5.1000001037.PRE.intact.m.0","PRE","death"
"020618Abl_CQ5.1000001112.EPI.intact.m.0","EPI","end point"
"020618Abl_CQ5.1000001191.DP.intact.m.0","DP","death"
"020618Abl_CQ7.1000000000.DP.intact.d.1","DP","end point"
"020618Abl_CQ7.1000000000.DP.intact.d.2","DP","lost"
"020618Abl_CQ7.1000000000.DP.intact.m.0","DP","division"
"020618Abl_CQ7.1000000000.PRE.intact.d.1","PRE","death"
"020618Abl_CQ7.1000000000.PRE.intact.d.2","PRE","lost"
"020618Abl_CQ7.1000000000.PRE.intact.m.0","PRE","lost"
"020618Abl_CQ7.1000000001.PRE.intact.d.1","PRE","end point"
"020618Abl_CQ7.1000000001.PRE.intact.d.2","PRE","off frame"
"020618Abl_CQ7.1000000001.PRE.intact.m.0","PRE","division"
"020618Abl_CQ7.1000000002.PRE.intact.d.1","PRE","division"
"020618Abl_CQ7.1000000002.PRE.intact.d.2","PRE","division"
"020618Abl_CQ7.1000000002.PRE.intact.gd.1.1","PRE","end point"
"020618Abl_CQ7.1000000002.PRE.intact.gd.1.2","PRE","end point"
"020618Abl_CQ7.1000000002.PRE.intact.gd.2.1","PRE","end point"
"020618Abl_CQ7.1000000002.PRE.intact.gd.2.2","PRE","end point"
"020618Abl_CQ7.1000000002.PRE.intact.m.0","PRE","division"
"020618Abl_CQ7.1000000003.PRE.intact.m.0","PRE","death"
"020618Abl_CQ7.1000000004.PRE.intact.d.1","PRE","end point"
"020618Abl_CQ7.1000000004.PRE.intact.d.2","PRE","end point"
"020618Abl_CQ7.1000000004.PRE.intact.m.0","PRE","division"
"020618Abl_CQ7.1000000005.PRE.intact.d.1","PRE","death"
"020618Abl_CQ7.1000000005.PRE.intact.d.2","PRE","division"
"020618Abl_CQ7.1000000005.PRE.intact.gd.2.1","PRE","end point"
"020618Abl_CQ7.1000000005.PRE.intact.gd.2.2","PRE","end point"
"020618Abl_CQ7.1000000005.PRE.intact.m.0","PRE","division"
"020618Abl_CQ7.1000000149.DP.intact.m.0","DP","end point"
"020618Abl_CQ7.1000000214.DP.intact.m.0","DP","death"
"020618Abl_CQ7.1000000656.DP.intact.m.0","DP","end point"
"020618Abl_CQ7.1000000690.DP.intact.m.0","DP","end point"
"020618Abl_CQ7.1000000691.PRE.intact.d.1","PRE","end point"
"020618Abl_CQ7.1000000691.PRE.intact.d.2","PRE","end point"
"020618Abl_CQ7.1000000691.PRE.intact.m.0","PRE","division"
"020618Abl_CQ7.1000000736.EPI.intact.d.1","EPI","end point"
"020618Abl_CQ7.1000000736.EPI.intact.d.2","EPI","end point"
"020618Abl_CQ7.1000000736.EPI.intact.m.0","EPI","division"
"020618Abl_CQ7.1000000737.DP.intact.m.0","DP","end point"
"020618Abl_CQ7.1000000738.EPI.intact.m.0","EPI","end point"
"020618Abl_CQ7.1000000739.EPI.intact.m.0","EPI","end point"
"020618Abl_CQ7.1000000743.EPI.intact.m.0","EPI","end point"
"020618Abl_CQ7.1000000744.EPI.intact.m.0","EPI","lost"
"020618Abl_CQ7.1000000745.DP.intact.m.0","DP","death"
"020618Abl_CQ7.1000000746.DP.intact.m.0","DP","lost"
"020618Abl_CQ7.1000001078.DP.intact.d.1","DP","lost"
"020618Abl_CQ7.1000001078.DP.intact.d.2","DP","lost"
"020618Abl_CQ7.1000001078.DP.intact.m.0","DP","division"
"021119Abl_EK1.1000000000.PRE.targeted.m.0","PRE","death"
"021119Abl_EK1.1000000001.PRE.targeted.m.0","PRE","death"
"021119Abl_EK1.1000000002.PRE.targeted.m.0","PRE","death"
"021119Abl_EK1.1000000003.PRE.targeted.m.0","PRE","death"
"021119Abl_EK1.1000000004.PRE.targeted.m.0","PRE","death"
"021119Abl_EK1.1000000005.PRE.targeted.m.0","PRE","death"
"021119Abl_EK1.1000000081.DP.intact.m.0","DP","end point"
"021119Abl_EK1.1000000082.DP.intact.m.0","DP","end point"
"021119Abl_EK1.1000000083.DP.intact.m.0","DP","death"
"021119Abl_EK1.1000000084.EPI.intact.m.0","EPI","death"
"021119Abl_EK1.1000000085.DP.intact.m.0","DP","death"
"021119Abl_EK1.1000000086.DP.intact.d.1","DP","death"
"021119Abl_EK1.1000000086.DP.intact.d.2","DP","death"
"021119Abl_EK1.1000000086.DP.intact.m.0","DP","division"
"021119Abl_EK1.1000000087.DP.intact.m.0","DP","end point"
"021119Abl_EK1.1000000088.DP.intact.d.1","DP","end point"
"021119Abl_EK1.1000000088.DP.intact.d.2","DP","death"
"021119Abl_EK1.1000000088.DP.intact.m.0","DP","division"
"021119Abl_EK1.1000000090.DP.intact.m.0","DP","end point"
"021119Abl_EK1.1000000091.DP.intact.m.0","DP","end point"
"021119Abl_EK1.1000000093.EPI.intact.m.0","EPI","lost"
"021119Abl_EK1.1000000094.DP.intact.m.0","DP","death"
"021119Abl_EK1.1000000095.EPI.intact.m.0","EPI","lost"
"021119Abl_EK1.1000000096.DP.intact.d.1","DP","end point"
"021119Abl_EK1.1000000096.DP.intact.d.2","DP","end point"
"021119Abl_EK1.1000000096.DP.intact.m.0","DP","division"
"021119Abl_EK1.1000000097.DP.intact.d.1","DP","end point"
"021119Abl_EK1.1000000097.DP.intact.d.2","DP","death"
"021119Abl_EK1.1000000097.DP.intact.m.0","DP","division"
"021119Abl_EK1.1000000098.DP.intact.d.1","DP","end point"
"021119Abl_EK1.1000000098.DP.intact.d.2","DP","end point"
"021119Abl_EK1.1000000098.DP.intact.m.0","DP","division"
"021119Abl_EK1.1000000099.EPI.intact.m.0","EPI","end point"
"021119Abl_EK1.1000001710.DP.intact.m.0","DP","lost"
"021119Abl_EK1.1000001711.EPI.intact.m.0","EPI","lost"
"021119Abl_EK1.1000001712.EPI.intact.m.0","EPI","lost"
"021119Abl_EK1.1000001794.EPI.intact.m.0","EPI","lost"
"021119Abl_EK1.1000001855.DP.intact.d.1","DP","end point"
"021119Abl_EK1.1000001855.DP.intact.d.2","DP","end point"
"021119Abl_EK1.1000001855.DP.intact.m.0","DP","division"
"021119Abl_EK2.1000000000.PRE.targeted.m.0","PRE","death"
"021119Abl_EK2.1000000001.PRE.targeted.m.0","PRE","death"
"021119Abl_EK2.1000000003.PRE.targeted.m.0","PRE","death"
"021119Abl_EK2.1000000004.PRE.targeted.m.0","PRE","death"
"021119Abl_EK2.1000000005.PRE.targeted.d.1","PRE","end point"
"021119Abl_EK2.1000000005.PRE.targeted.d.2","PRE","end point"
"021119Abl_EK2.1000000005.PRE.targeted.m.0","PRE","division"
"021119Abl_EK2.1000000006.PRE.targeted.m.0","PRE","end point"
"021119Abl_EK2.1000000007.PRE.targeted.m.0","PRE","death"
"021119Abl_EK2.1000000008.PRE.targeted.m.0","PRE","death"
"021119Abl_EK2.1000000009.PRE.targeted.m.0","PRE","death"
"021119Abl_EK2.1000000010.PRE.targeted.m.0","PRE","death"
"021119Abl_EK2.1000000011.PRE.targeted.d.1","PRE","end point"
"021119Abl_EK2.1000000011.PRE.targeted.d.2","PRE","end point"
"021119Abl_EK2.1000000011.PRE.targeted.m.0","PRE","division"
"021119Abl_EK2.1000000012.PRE.intact.d.1","PRE","end point"
"021119Abl_EK2.1000000012.PRE.intact.d.2","PRE","end point"
"021119Abl_EK2.1000000012.PRE.intact.m.0","PRE","division"
"021119Abl_EK2.1000000013.DP.intact.d.1","DP","end point"
"021119Abl_EK2.1000000013.DP.intact.d.2","DP","end point"
"021119Abl_EK2.1000000013.DP.intact.m.0","DP","division"
"021119Abl_EK2.1000000014.DP.intact.d.1","DP","end point"
"021119Abl_EK2.1000000014.DP.intact.d.2","DP","end point"
"021119Abl_EK2.1000000014.DP.intact.m.0","DP","division"
"021119Abl_EK2.1000000015.EPI.intact.d.1","EPI","end point"
"021119Abl_EK2.1000000015.EPI.intact.d.2","EPI","end point"
"021119Abl_EK2.1000000015.EPI.intact.m.0","EPI","division"
"021119Abl_EK2.1000000016.EPI.intact.d.1","EPI","end point"
"021119Abl_EK2.1000000016.EPI.intact.d.2","EPI","end point"
"021119Abl_EK2.1000000016.EPI.intact.m.0","EPI","division"
"021119Abl_EK2.1000000017.EPI.intact.d.1","EPI","end point"
"021119Abl_EK2.1000000017.EPI.intact.d.2","EPI","lost"
"021119Abl_EK2.1000000017.EPI.intact.m.0","EPI","division"
"021119Abl_EK2.1000000018.EPI.intact.d.1","EPI","end point"
"021119Abl_EK2.1000000018.EPI.intact.d.2","EPI","end point"
"021119Abl_EK2.1000000018.EPI.intact.m.0","EPI","division"
"021119Abl_EK2.1000000019.EPI.intact.m.0","EPI","end point"
"021119Abl_EK2.1000000020.EPI.intact.d.1","EPI","end point"
"021119Abl_EK2.1000000020.EPI.intact.d.2","EPI","end point"
"021119Abl_EK2.1000000020.EPI.intact.m.0","EPI","division"
"021119Abl_EK2.1000000021.EPI.intact.d.1","EPI","end point"
"021119Abl_EK2.1000000021.EPI.intact.d.2","EPI","end point"
"021119Abl_EK2.1000000021.EPI.intact.m.0","EPI","division"
"021119Abl_EK2.1000000022.EPI.intact.m.0","EPI","lost"
"021119Abl_EK2.1000000023.DP.intact.m.0","DP","end point"
"021119Abl_EK3.1000000001.PRE.targeted.m.0","PRE","death"
"021119Abl_EK3.1000000002.PRE.targeted.m.0","PRE","death"
"021119Abl_EK3.1000000003.PRE.targeted.m.0","PRE","end point"
"021119Abl_EK3.1000000004.PRE.targeted.m.0","PRE","death"
"021119Abl_EK3.1000000005.PRE.targeted.m.0","PRE","death"
"021119Abl_EK3.1000000006.PRE.targeted.m.0","PRE","death"
"021119Abl_EK3.1000000007.PRE.targeted.m.0","PRE","death"
"021119Abl_EK3.1000000008.DP.targeted.m.0","DP","death"
"021119Abl_EK3.1000000009.PRE.targeted.m.0","PRE","end point"
"021119Abl_EK3.1000000010.DP.targeted.m.0","DP","death"
"021119Abl_EK3.1000000079.PRE.targeted.m.0","PRE","death"
"021119Abl_EK3.1000000306.EPI.intact.d.1","EPI","death"
"021119Abl_EK3.1000000306.EPI.intact.d.2","EPI","death"
"021119Abl_EK3.1000000306.EPI.intact.m.0","EPI","division"
"021119Abl_EK3.1000000308.EPI.intact.m.0","EPI","end point"
"021119Abl_EK3.1000000310.DP.intact.d.1","DP","end point"
"021119Abl_EK3.1000000310.DP.intact.d.2","DP","end point"
"021119Abl_EK3.1000000310.DP.intact.m.0","DP","division"
"021119Abl_EK3.1000000311.DP.intact.d.1","DP","end point"
"021119Abl_EK3.1000000311.DP.intact.d.2","DP","end point"
"021119Abl_EK3.1000000311.DP.intact.m.0","DP","division"
"021119Abl_EK3.1000000312.EPI.intact.d.1","EPI","death"
"021119Abl_EK3.1000000312.EPI.intact.d.2","EPI","death"
"021119Abl_EK3.1000000312.EPI.intact.m.0","EPI","division"
"021119Abl_EK3.1000000313.EPI.intact.d.1","EPI","lost"
"021119Abl_EK3.1000000313.EPI.intact.d.2","EPI","end point"
"021119Abl_EK3.1000000313.EPI.intact.m.0","EPI","end point"
"021119Abl_EK3.1000000315.EPI.intact.d.1","EPI","end point"
"021119Abl_EK3.1000000315.EPI.intact.d.2","EPI","end point"
"021119Abl_EK3.1000000315.EPI.intact.m.0","EPI","division"
"021119Abl_EK3.1000000316.DP.intact.m.0","DP","lost"
"021119Abl_EK3.1000000318.DP.intact.m.0","DP","end point"
"021119Abl_EK3.1000000319.DP.intact.m.0","DP","end point"
"021119Abl_EK3.1000000320.DP.intact.d.1","DP","end point"
"021119Abl_EK3.1000000320.DP.intact.d.2","DP","end point"
"021119Abl_EK3.1000000320.DP.intact.m.0","DP","division"
"021119Abl_EK3.1000001125.EPI.intact.d.1","EPI","death"
"021119Abl_EK3.1000001125.EPI.intact.d.2","EPI","death"
"021119Abl_EK3.1000001125.EPI.intact.m.0","EPI","division"
"021119Abl_EK3.1000002121.EPI.intact.d.1","EPI","end point"
"021119Abl_EK3.1000002121.EPI.intact.d.2","EPI","end point"
"021119Abl_EK3.1000002121.EPI.intact.m.0","EPI","division"
"021119Abl_EK3.1000002122.EPI.intact.m.0","EPI","lost"
"021119Abl_EK3.1000002126.DP.intact.d.1","DP","lost"
"021119Abl_EK3.1000002126.DP.intact.d.2","DP","end point"
"021119Abl_EK3.1000002126.DP.intact.m.0","DP","division"
"032819Abl_EV3.1000000000.PRE.intact.m.0","PRE","end point"
"032819Abl_EV3.1000000001.PRE.intact.m.0","PRE","end point"
"032819Abl_EV3.1000000002.PRE.intact.d.1","PRE","end point"
"032819Abl_EV3.1000000002.PRE.intact.d.2","PRE","end point"
"032819Abl_EV3.1000000002.PRE.intact.m.0","PRE","division"
"032819Abl_EV3.1000000004.PRE.intact.m.0","PRE","death"
"032819Abl_EV3.1000000006.PRE.intact.d.1","PRE","end point"
"032819Abl_EV3.1000000006.PRE.intact.d.2","PRE","end point"
"032819Abl_EV3.1000000006.PRE.intact.m.0","PRE","division"
"032819Abl_EV3.1000000007.PRE.intact.m.0","PRE","death"
"032819Abl_EV3.1000000008.PRE.intact.m.0","PRE","end point"
"032819Abl_EV3.1000000009.PRE.intact.m.0","PRE","off frame"
"032819Abl_EV3.1000000010.PRE.intact.m.0","PRE","death"
"032819Abl_EV3.1000000012.PRE.intact.m.0","PRE","death"
"032819Abl_EV3.1000000013.DP.intact.m.0","DP","death"
"032819Abl_EV3.1000000014.DP.intact.d.1","DP","end point"
"032819Abl_EV3.1000000014.DP.intact.d.2","DP","end point"
"032819Abl_EV3.1000000014.DP.intact.m.0","DP","division"
"032819Abl_EV3.1000000015.EPI.intact.m.0","EPI","death"
"032819Abl_EV3.1000000016.DP.intact.m.0","DP","end point"
"032819Abl_EV3.1000000017.DP.intact.m.0","DP","end point"
"032819Abl_EV3.1000000018.DP.intact.m.0","DP","death"
"032819Abl_EV3.1000000806.DP.intact.m.0","DP","death"
"072318Abl_DQ1.1000000000.DP.intact.d.1","DP","end point"
"072318Abl_DQ1.1000000000.DP.intact.d.2","DP","end point"
"072318Abl_DQ1.1000000000.DP.intact.m.0","DP","division"
"072318Abl_DQ1.1000000000.PRE.targeted.m.0","PRE","death"
"072318Abl_DQ1.1000000001.DP.intact.d.1","DP","end point"
"072318Abl_DQ1.1000000001.DP.intact.d.2","DP","end point"
"072318Abl_DQ1.1000000001.DP.intact.m.0","DP","division"
"072318Abl_DQ1.1000000001.PRE.targeted.m.0","PRE","death"
"072318Abl_DQ1.1000000002.PRE.targeted.m.0","PRE","death"
"072318Abl_DQ1.1000000003.DP.intact.m.0","DP","death"
"072318Abl_DQ1.1000000004.PRE.targeted.m.0","PRE","death"
"072318Abl_DQ1.1000000005.PRE.targeted.m.0","PRE","death"
"072318Abl_DQ1.1000000006.PRE.targeted.m.0","PRE","death"
"072318Abl_DQ1.1000000032.PRE.targeted.m.0","PRE","death"
"072318Abl_DQ1.1000000033.PRE.targeted.m.0","PRE","death"
"072318Abl_DQ1.1000000034.PRE.targeted.m.0","PRE","death"
"072318Abl_DQ1.1000000035.DP.intact.m.0","DP","end point"
"072318Abl_DQ1.1000000036.PRE.targeted.m.0","PRE","death"
"072318Abl_DQ1.1000000037.PRE.targeted.m.0","PRE","death"
"072318Abl_DQ1.1000000038.PRE.targeted.m.0","PRE","death"
"072318Abl_DQ1.1000000039.PRE.targeted.m.0","PRE","death"
"072318Abl_DQ1.1000000040.PRE.targeted.d.1","PRE","end point"
"072318Abl_DQ1.1000000040.PRE.targeted.d.2","PRE","end point"
"072318Abl_DQ1.1000000040.PRE.targeted.m.0","PRE","division"
"072318Abl_DQ2.1000000000.DP.intact.d.1","DP","end point"
"072318Abl_DQ2.1000000000.DP.intact.d.2","DP","end point"
"072318Abl_DQ2.1000000000.DP.intact.m.0","DP","division"
"072318Abl_DQ2.1000000002.DP.intact.m.0","DP","end point"
"072318Abl_DQ2.1000000002.PRE.intact.d.1","PRE","end point"
"072318Abl_DQ2.1000000002.PRE.intact.d.2","PRE","end point"
"072318Abl_DQ2.1000000002.PRE.intact.m.0","PRE","division"
"072318Abl_DQ2.1000000003.DP.intact.m.0","DP","death"
"072318Abl_DQ2.1000000003.PRE.intact.m.0","PRE","end point"
"072318Abl_DQ2.1000000004.PRE.intact.m.0","PRE","end point"
"072318Abl_DQ2.1000000005.PRE.intact.m.0","PRE","end point"
"072318Abl_DQ2.1000000006.PRE.intact.m.0","PRE","end point"
"072318Abl_DQ2.1000000007.PRE.intact.m.0","PRE","end point"
"072318Abl_DQ2.1000000008.PRE.intact.m.0","PRE","end point"
"072318Abl_DQ2.1000000009.PRE.intact.m.0","PRE","end point"
"072318Abl_DQ2.1000000010.PRE.intact.m.0","PRE","end point"
"072318Abl_DQ2.1000000011.PRE.intact.m.0","PRE","end point"
"072318Abl_DQ2.1000000013.PRE.intact.m.0","PRE","death"
"072318Abl_DQ2.1000000015.PRE.intact.m.0","PRE","end point"
"072318Abl_DQ2.1000000016.PRE.intact.m.0","PRE","end point"
"072318Abl_DQ2.1000000071.PRE.intact.d.1","PRE","end point"
"072318Abl_DQ2.1000000071.PRE.intact.d.2","PRE","end point"
"072318Abl_DQ2.1000000071.PRE.intact.m.0","PRE","division"
"072318Abl_DQ2.1000000215.DP.intact.d.1","DP","lost"
"072318Abl_DQ2.1000000215.DP.intact.d.2","DP","off frame"
"072318Abl_DQ2.1000000215.DP.intact.m.0","DP","division"
"072318Abl_DQ2.1000000371.DP.intact.m.0","DP","end point"
"072318Abl_DQ2.1000000422.DP.intact.m.0","DP","end point"
"072318Abl_DQ2.1000001913.PRE.intact.m.0","PRE","off frame"
"072318Abl_DQ2.1000001914.PRE.intact.m.0","PRE","off frame"
"072318Abl_DQ2.1000001915.PRE.intact.m.0","PRE","off frame"
"072318Abl_DQ2.1000001916.PRE.intact.m.0","PRE","off frame"
"072318Abl_DQ2.1000001917.PRE.intact.m.0","PRE","off frame"
"072318Abl_DQ2.1000001918.PRE.intact.m.0","PRE","off frame"
"072318Abl_DQ2.1000001919.PRE.intact.m.0","PRE","off frame"
"102218Abl_DV3.1000000000.EPI.intact.d.1","EPI","end point"
"102218Abl_DV3.1000000000.EPI.intact.d.2","EPI","end point"
"102218Abl_DV3.1000000000.EPI.intact.m.0","EPI","division"
"102218Abl_DV3.1000000001.EPI.intact.m.0","EPI","death"
"102218Abl_DV3.1000000002.DP.intact.d.1","DP","end point"
"102218Abl_DV3.1000000002.DP.intact.d.2","DP","end point"
"102218Abl_DV3.1000000002.DP.intact.m.0","DP","division"
"102218Abl_DV3.1000000188.DP.intact.m.0","DP","death"
"102218Abl_DV3.1000000189.DP.intact.m.0","DP","death"
"102218Abl_DV3.1000000190.PRE.intact.m.0","PRE","end point"
"102218Abl_DV3.1000000191.DP.intact.m.0","DP","death"
"102218Abl_DV3.1000000192.DP.intact.m.0","DP","end point"
"102218Abl_DV3.1000000193.DP.intact.d.1","DP","end point"
"102218Abl_DV3.1000000193.DP.intact.d.2","DP","death"
"102218Abl_DV3.1000000193.DP.intact.m.0","DP","division"
"102218Abl_DV3.1000000194.DP.intact.m.0","DP","end point"
"102218Abl_DV3.1000000195.DP.intact.d.1","DP","end point"
"102218Abl_DV3.1000000195.DP.intact.d.2","DP","end point"
"102218Abl_DV3.1000000195.DP.intact.m.0","DP","division"
"102218Abl_DV3.1000000196.DP.intact.m.0","DP","lost"
"102218Abl_DV3.1000000197.DP.intact.d.1","DP","end point"
"102218Abl_DV3.1000000197.DP.intact.d.2","DP","end point"
"102218Abl_DV3.1000000197.DP.intact.m.0","DP","division"
"102218Abl_DV3.1000000744.DP.intact.m.0","DP","death"
"102218Abl_DV3.1000000745.PRE.intact.m.0","PRE","death"
"102218Abl_DV3.1000000746.PRE.intact.d.1","PRE","end point"
"102218Abl_DV3.1000000746.PRE.intact.d.2","PRE","death"
"102218Abl_DV3.1000000746.PRE.intact.m.0","PRE","division"
"102218Abl_DV3.1000000747.PRE.intact.d.1","PRE","end point"
"102218Abl_DV3.1000000747.PRE.intact.d.2","PRE","end point"
"102218Abl_DV3.1000000747.PRE.intact.m.0","PRE","division"
"102218Abl_DV3.1000000748.DP.intact.d.1","DP","end point"
"102218Abl_DV3.1000000748.DP.intact.d.2","DP","end point"
"102218Abl_DV3.1000000748.DP.intact.m.0","DP","division"
"102218Abl_DV3.1000000749.PRE.intact.d.1","PRE","end point"
"102218Abl_DV3.1000000749.PRE.intact.d.2","PRE","end point"
"102218Abl_DV3.1000000749.PRE.intact.m.0","PRE","division"
"102218Abl_DV3.1000000750.PRE.intact.d.1","PRE","end point"
"102218Abl_DV3.1000000750.PRE.intact.d.2","PRE","death"
"102218Abl_DV3.1000000750.PRE.intact.m.0","PRE","division"
"102218Abl_DV3.1000000752.PRE.intact.d.1","PRE","end point"
"102218Abl_DV3.1000000752.PRE.intact.d.2","PRE","end point"
"102218Abl_DV3.1000000752.PRE.intact.m.0","PRE","division"
"102218Abl_DV3.1000000753.PRE.intact.m.0","PRE","end point"
"102218Abl_DV3.1000000754.PRE.intact.m.0","PRE","death"
"102218Abl_DV3.1000000755.PRE.intact.m.0","PRE","end point"
"102218Abl_DV3.1000000756.DP.intact.m.0","DP","death"
"102218Abl_DV3.1000000789.DP.intact.m.0","DP","end point"
"102218Abl_DV3.1000000911.EPI.intact.m.0","EPI","death"
"102218Abl_DV4.1000000001.PRE.intact.m.0","PRE","death"
"102218Abl_DV4.1000000002.PRE.intact.m.0","PRE","end point"
"102218Abl_DV4.1000000005.PRE.intact.m.0","PRE","end point"
"102218Abl_DV4.1000000006.PRE.intact.m.0","PRE","end point"
"102218Abl_DV4.1000000007.PRE.intact.m.0","PRE","death"
"102218Abl_DV4.1000000009.PRE.intact.m.0","PRE","end point"
"102218Abl_DV4.1000000010.PRE.intact.d.1","PRE","lost"
"102218Abl_DV4.1000000010.PRE.intact.d.2","PRE","end point"
"102218Abl_DV4.1000000010.PRE.intact.m.0","PRE","division"
"102218Abl_DV4.1000000013.EPI.intact.m.0","EPI","end point"
"102218Abl_DV4.1000000014.EPI.intact.m.0","EPI","end point"
"102218Abl_DV4.1000000015.EPI.intact.d.1","EPI","end point"
"102218Abl_DV4.1000000015.EPI.intact.d.2","EPI","end point"
"102218Abl_DV4.1000000015.EPI.intact.m.0","EPI","division"
"102218Abl_DV4.1000000016.EPI.intact.m.0","EPI","end point"
"102218Abl_DV4.1000000017.EPI.intact.d.1","EPI","death"
"102218Abl_DV4.1000000017.EPI.intact.d.2","EPI","death"
"102218Abl_DV4.1000000017.EPI.intact.m.0","EPI","division"
"102218Abl_DV4.1000000018.EPI.intact.d.1","EPI","end point"
"102218Abl_DV4.1000000018.EPI.intact.d.2","EPI","end point"
"102218Abl_DV4.1000000018.EPI.intact.m.0","EPI","division"
"102218Abl_DV4.1000000019.EPI.targeted.m.0","EPI","death"
"102218Abl_DV4.1000000234.EPI.intact.m.0","EPI","end point"
"102218Abl_DV4.1000000809.PRE.intact.m.0","PRE","death"
"121018Abl_EB2.1000000000.PRE.intact.m.0","PRE","death"
"121018Abl_EB2.1000000001.PRE.intact.d.1","PRE","end point"
"121018Abl_EB2.1000000001.PRE.intact.d.2","PRE","end point"
"121018Abl_EB2.1000000001.PRE.intact.m.0","PRE","division"
"121018Abl_EB2.1000000002.PRE.intact.d.1","PRE","end point"
"121018Abl_EB2.1000000002.PRE.intact.d.2","PRE","end point"
"121018Abl_EB2.1000000002.PRE.intact.m.0","PRE","division"
"121018Abl_EB2.1000000003.PRE.intact.m.0","PRE","division"
"121018Abl_EB2.1000000005.PRE.intact.d.1","PRE","end point"
"121018Abl_EB2.1000000005.PRE.intact.d.2","PRE","end point"
"121018Abl_EB2.1000000005.PRE.intact.m.0","PRE","division"
"121018Abl_EB2.1000000006.PRE.intact.d.1","PRE","end point"
"121018Abl_EB2.1000000006.PRE.intact.d.2","PRE","end point"
"121018Abl_EB2.1000000006.PRE.intact.m.0","PRE","division"
"121018Abl_EB2.1000000007.PRE.intact.d.1","PRE","end point"
"121018Abl_EB2.1000000007.PRE.intact.d.2","PRE","end point"
"121018Abl_EB2.1000000007.PRE.intact.m.0","PRE","division"
"121018Abl_EB2.1000000008.PRE.intact.m.0","PRE","end point"
"121018Abl_EB2.1000000009.PRE.intact.m.0","PRE","death"
"121018Abl_EB2.1000000010.PRE.intact.m.0","PRE","off frame"
"121018Abl_EB2.1000000011.PRE.intact.m.0","PRE","off frame"
"121018Abl_EB2.1000000012.PRE.intact.d.1","PRE","end point"
"121018Abl_EB2.1000000012.PRE.intact.d.2","PRE","end point"
"121018Abl_EB2.1000000012.PRE.intact.m.0","PRE","division"
"121018Abl_EB2.1000000014.DP.intact.m.0","DP","end point"
"121018Abl_EB2.1000000015.DP.intact.m.0","DP","end point"
"121018Abl_EB2.1000000016.DP.intact.d.1","DP","death"
"121018Abl_EB2.1000000016.DP.intact.d.2","DP","off frame"
"121018Abl_EB2.1000000016.DP.intact.m.0","DP","division"
"121018Abl_EB2.1000000017.DP.intact.d.1","DP","death"
"121018Abl_EB2.1000000017.DP.intact.d.2","DP","death"
"121018Abl_EB2.1000000017.DP.intact.m.0","DP","division"
"121018Abl_EB2.1000000018.PRE.intact.d.1","PRE","death"
"121018Abl_EB2.1000000018.PRE.intact.d.2","PRE","end point"
"121018Abl_EB2.1000000018.PRE.intact.m.0","PRE","division"
"121018Abl_EB2.1000000019.PRE.intact.d.1","PRE","off frame"
"121018Abl_EB2.1000000019.PRE.intact.d.2","PRE","off frame"
"121018Abl_EB2.1000000019.PRE.intact.m.0","PRE","division"
"121018Abl_EB2.1000000020.PRE.intact.m.0","PRE","off frame"
"121018Abl_EB2.1000000021.DP.intact.m.0","DP","off frame"
"121018Abl_EB2.1000000022.DP.intact.d.1","DP","end point"
"121018Abl_EB2.1000000022.DP.intact.d.2","DP","end point"
"121018Abl_EB2.1000000022.DP.intact.m.0","DP","division"
"121018Abl_EB2.1000000023.EPI.targeted.m.0","EPI","death"
"121018Abl_EB2.1000000024.EPI.targeted.m.0","EPI","death"
"121018Abl_EB2.1000000025.DP.intact.m.0","DP","end point"
"121018Abl_EB2.1000000026.DP.intact.d.1","DP","end point"
"121018Abl_EB2.1000000026.DP.intact.d.2","DP","end point"
"121018Abl_EB2.1000000026.DP.intact.m.0","DP","division"
"121018Abl_EB5.1000000000.PRE.intact.d.1","PRE","end point"
"121018Abl_EB5.1000000000.PRE.intact.d.2","PRE","end point"
"121018Abl_EB5.1000000000.PRE.intact.m.0","PRE","division"
"121018Abl_EB5.1000000001.PRE.intact.d.1","PRE","end point"
"121018Abl_EB5.1000000001.PRE.intact.d.2","PRE","end point"
"121018Abl_EB5.1000000001.PRE.intact.m.0","PRE","division"
"121018Abl_EB5.1000000003.PRE.intact.d.1","PRE","end point"
"121018Abl_EB5.1000000003.PRE.intact.d.2","PRE","end point"
"121018Abl_EB5.1000000003.PRE.intact.m.0","PRE","division"
"121018Abl_EB5.1000000004.PRE.intact.m.0","PRE","death"
"121018Abl_EB5.1000000007.PRE.intact.m.0","PRE","end point"
"121018Abl_EB5.1000000008.DP.intact.d.1","DP","end point"
"121018Abl_EB5.1000000008.DP.intact.d.2","DP","end point"
"121018Abl_EB5.1000000008.DP.intact.m.0","DP","division"
"121018Abl_EB5.1000000009.PRE.intact.m.0","PRE","death"
"121018Abl_EB5.1000000010.PRE.intact.m.0","PRE","end point"
"121018Abl_EB5.1000000011.PRE.intact.m.0","PRE","end point"
"121018Abl_EB5.1000000012.PRE.intact.m.0","PRE","death"
"121018Abl_EB5.1000000013.PRE.intact.m.0","PRE","off frame"
"121018Abl_EB5.1000000014.DP.intact.m.0","DP","end point"
"121018Abl_EB5.1000000015.DP.intact.m.0","DP","end point"
"121018Abl_EB5.1000000016.PRE.intact.m.0","PRE","death"
"121018Abl_EB5.1000000017.DP.intact.m.0","DP","death"
"121018Abl_EB5.1000000018.EPI.intact.m.0","EPI","end point"
"121018Abl_EB5.1000000019.DP.intact.m.0","DP","lost"
"121018Abl_EB5.1000000020.DP.intact.m.0","DP","death"
"121018Abl_EB5.1000000021.DP.intact.m.0","DP","death"
"121018Abl_EB5.1000000022.DP.intact.m.0","DP","end point"
"121018Abl_EB5.1000000023.DP.intact.m.0","DP","death"
"121018Abl_EB5.1000000024.DP.intact.m.0","DP","end point"
"121018Abl_EB5.1000000025.EPI.intact.m.0","EPI","end point"
"121018Abl_EB5.1000000026.EPI.intact.m.0","EPI","end point"
"121018Abl_EB5.1000000027.EPI.intact.m.0","EPI","death"
"121018Abl_EB5.1000000028.EPI.intact.d.1","EPI","end point"
"121018Abl_EB5.1000000028.EPI.intact.d.2","EPI","end point"
"121018Abl_EB5.1000000028.EPI.intact.m.0","EPI","division"
"121018Abl_EB5.1000000029.EPI.intact.m.0","EPI","end point"
"121018Abl_EB5.1000000030.EPI.intact.m.0","EPI","death"
"121018Abl_EB5.1000000031.EPI.intact.m.0","EPI","end point"
"121018Abl_EB5.1000000032.EPI.intact.m.0","EPI","death"
"121018Abl_EB5.1000000033.DP.intact.m.0","DP","lost"
"121018Abl_EB5.1000000034.DP.intact.m.0","DP","death"
"121018Abl_EB5.1000000035.EPI.intact.m.0","EPI","off frame"
"121018Abl_EB5.1000000036.EPI.intact.m.0","EPI","end point"
"121018Abl_EB5.1000000221.EPI.intact.m.0","EPI","end point"
"121018Abl_EC2.1000000000.PRE.intact.d.1","PRE","end point"
"121018Abl_EC2.1000000000.PRE.intact.d.2","PRE","end point"
"121018Abl_EC2.1000000000.PRE.intact.m.0","PRE","division"
"121018Abl_EC2.1000000001.PRE.intact.d.1","PRE","end point"
"121018Abl_EC2.1000000001.PRE.intact.d.2","PRE","end point"
"121018Abl_EC2.1000000001.PRE.intact.m.0","PRE","division"
"121018Abl_EC2.1000000002.PRE.intact.m.0","PRE","death"
"121018Abl_EC2.1000000003.PRE.intact.m.0","PRE","death"
"121018Abl_EC2.1000000004.DP.intact.d.1","DP","end point"
"121018Abl_EC2.1000000004.DP.intact.d.2","DP","end point"
"121018Abl_EC2.1000000004.DP.intact.m.0","DP","division"
"121018Abl_EC2.1000000005.DP.intact.d.1","DP","end point"
"121018Abl_EC2.1000000005.DP.intact.d.2","DP","death"
"121018Abl_EC2.1000000005.DP.intact.m.0","DP","division"
"121018Abl_EC2.1000000006.DP.intact.m.0","DP","death"
"121018Abl_EC2.1000000007.DP.intact.d.1","DP","end point"
"121018Abl_EC2.1000000007.DP.intact.d.2","DP","end point"
"121018Abl_EC2.1000000007.DP.intact.m.0","DP","division"
"121018Abl_EC2.1000000008.PRE.intact.d.1","PRE","end point"
"121018Abl_EC2.1000000008.PRE.intact.d.2","PRE","end point"
"121018Abl_EC2.1000000008.PRE.intact.m.0","PRE","division"
"121018Abl_EC2.1000000009.DP.intact.d.1","DP","end point"
"121018Abl_EC2.1000000009.DP.intact.d.2","DP","death"
"121018Abl_EC2.1000000009.DP.intact.m.0","DP","division"
"121018Abl_EC2.1000000010.DP.intact.d.1","DP","end point"
"121018Abl_EC2.1000000010.DP.intact.d.2","DP","death"
"121018Abl_EC2.1000000010.DP.intact.m.0","DP","division"
"121018Abl_EC2.1000000012.PRE.intact.d.1","PRE","end point"
"121018Abl_EC2.1000000012.PRE.intact.d.2","PRE","division"
"121018Abl_EC2.1000000012.PRE.intact.gd.2.1","PRE","end point"
"121018Abl_EC2.1000000012.PRE.intact.gd.2.2","PRE","end point"
"121018Abl_EC2.1000000012.PRE.intact.m.0","PRE","division"
"121018Abl_EC2.1000000013.DP.intact.d.1","DP","end point"
"121018Abl_EC2.1000000013.DP.intact.d.2","DP","end point"
"121018Abl_EC2.1000000013.DP.intact.m.0","DP","division"
"121018Abl_EC2.1000000941.EPI.intact.d.1","EPI","end point"
"121018Abl_EC2.1000000941.EPI.intact.d.2","EPI","end point"
"121018Abl_EC2.1000000941.EPI.intact.m.0","EPI","division"
"121718Abl_ED1.1000000000.DP.intact.d.1","DP","death"
"121718Abl_ED1.1000000000.DP.intact.d.2","DP","death"
"121718Abl_ED1.1000000000.DP.intact.m.0","DP","division"
"121718Abl_ED1.1000000001.PRE.intact.d.1","PRE","death"
"121718Abl_ED1.1000000001.PRE.intact.d.2","PRE","death"
"121718Abl_ED1.1000000001.PRE.intact.m.0","PRE","division"
"121718Abl_ED1.1000000002.DP.intact.d.1","DP","end point"
"121718Abl_ED1.1000000002.DP.intact.d.2","DP","end point"
"121718Abl_ED1.1000000002.DP.intact.m.0","DP","division"
"121718Abl_ED1.1000000003.PRE.intact.m.0","PRE","end point"
"121718Abl_ED1.1000000004.PRE.intact.m.0","PRE","end point"
"121718Abl_ED1.1000000005.PRE.intact.m.0","PRE","death"
"121718Abl_ED1.1000000006.PRE.intact.m.0","PRE","death"
"121718Abl_ED1.1000000007.DP.intact.m.0","DP","end point"
"121718Abl_ED1.1000000008.DP.intact.m.0","DP","end point"
"121718Abl_ED1.1000000009.DP.intact.m.0","DP","end point"
"121718Abl_ED1.1000000010.PRE.intact.m.0","PRE","end point"
"121718Abl_ED1.1000000011.PRE.intact.m.0","PRE","death"
"121718Abl_ED1.1000000012.PRE.intact.d.1","PRE","end point"
"121718Abl_ED1.1000000012.PRE.intact.d.2","PRE","end point"
"121718Abl_ED1.1000000012.PRE.intact.m.0","PRE","division"
"121718Abl_ED1.1000000013.PRE.intact.m.0","PRE","end point"
"121718Abl_ED1.1000000014.PRE.intact.m.0","PRE","end point"
"121718Abl_ED1.1000000015.PRE.intact.m.0","PRE","end point"
"121718Abl_ED1.1000000016.PRE.intact.m.0","PRE","end point"
"121718Abl_ED1.1000000017.PRE.intact.m.0","PRE","death"
"121718Abl_ED1.1000000018.DP.intact.m.0","DP","death"
"121718Abl_ED1.1000000019.DP.intact.m.0","DP","death"
"121718Abl_ED1.1000000020.DP.intact.m.0","DP","end point"
"121718Abl_ED1.1000000022.DP.intact.d.1","DP","death"
"121718Abl_ED1.1000000022.DP.intact.d.2","DP","end point"
"121718Abl_ED1.1000000022.DP.intact.m.0","DP","division"
"121718Abl_ED1.1000000023.DP.intact.m.0","DP","death"
"121718Abl_ED1.1000000024.DP.intact.m.0","DP","death"
"121718Abl_ED1.1000000025.DP.intact.m.0","DP","death"
"121718Abl_ED1.1000000026.DP.intact.m.0","DP","death"
"121718Abl_ED1.1000000027.DP.intact.m.0","DP","death"
"121718Abl_ED1.1000003049.EPI.targeted.d.1","EPI","death"
"121718Abl_ED1.1000003049.EPI.targeted.d.2","EPI","lost"
"121718Abl_ED1.1000003049.EPI.targeted.m.0","EPI","division"
"121718Abl_ED1.1000003378.EPI.targeted.m.0","EPI","end point"
"121718Abl_ED3.1000000000.PRE.intact.m.0","PRE","end point"
"121718Abl_ED3.1000000001.PRE.intact.d.1","PRE","division"
"121718Abl_ED3.1000000001.PRE.intact.d.2","PRE","end point"
"121718Abl_ED3.1000000001.PRE.intact.gd.1.1","PRE","end point"
"121718Abl_ED3.1000000001.PRE.intact.gd.1.2","PRE","end point"
"121718Abl_ED3.1000000001.PRE.intact.m.0","PRE","division"
"121718Abl_ED3.1000000002.PRE.intact.m.0","PRE","death"
"121718Abl_ED3.1000000003.PRE.intact.m.0","PRE","death"
"121718Abl_ED3.1000000004.DP.intact.d.1","DP","end point"
"121718Abl_ED3.1000000004.DP.intact.d.2","DP","end point"
"121718Abl_ED3.1000000004.DP.intact.m.0","DP","division"
"121718Abl_ED3.1000000005.PRE.intact.d.1","PRE","end point"
"121718Abl_ED3.1000000005.PRE.intact.d.2","PRE","end point"
"121718Abl_ED3.1000000005.PRE.intact.m.0","PRE","division"
"121718Abl_ED3.1000000006.DP.intact.m.0","DP","death"
"121718Abl_ED3.1000000007.DP.intact.m.0","DP","death"
"121718Abl_ED3.1000000008.PRE.intact.d.1","PRE","end point"
"121718Abl_ED3.1000000008.PRE.intact.d.2","PRE","end point"
"121718Abl_ED3.1000000008.PRE.intact.m.0","PRE","division"
"121718Abl_ED3.1000000009.PRE.intact.d.1","PRE","end point"
"121718Abl_ED3.1000000009.PRE.intact.d.2","PRE","death"
"121718Abl_ED3.1000000009.PRE.intact.m.0","PRE","division"
"121718Abl_ED3.1000000011.DP.intact.d.1","DP","end point"
"121718Abl_ED3.1000000011.DP.intact.d.2","DP","off frame"
"121718Abl_ED3.1000000011.DP.intact.m.0","DP","division"
"121718Abl_ED3.1000000012.DP.intact.d.1","DP","end point"
"121718Abl_ED3.1000000012.DP.intact.d.2","DP","death"
"121718Abl_ED3.1000000012.DP.intact.m.0","DP","division"
"121718Abl_ED3.1000000013.PRE.intact.d.1","PRE","end point"
"121718Abl_ED3.1000000013.PRE.intact.d.2","PRE","end point"
"121718Abl_ED3.1000000013.PRE.intact.m.0","PRE","division"
"121718Abl_ED3.1000000014.DP.intact.m.0","DP","death"
"121718Abl_ED3.1000000015.PRE.intact.d.1","PRE","death"
"121718Abl_ED3.1000000015.PRE.intact.d.2","PRE","death"
"121718Abl_ED3.1000000015.PRE.intact.m.0","PRE","division"
"121718Abl_ED3.1000000018.DP.intact.m.0","DP","death"
"121718Abl_ED3.1000000019.PRE.intact.d.1","PRE","end point"
"121718Abl_ED3.1000000019.PRE.intact.d.2","PRE","end point"
"121718Abl_ED3.1000000019.PRE.intact.m.0","PRE","division"
"121818Abl_EE1.1000000000.PRE.intact.d.1","PRE","end point"
"121818Abl_EE1.1000000000.PRE.intact.d.2","PRE","end point"
"121818Abl_EE1.1000000000.PRE.intact.m.0","PRE","division"
"121818Abl_EE1.1000000001.PRE.intact.d.1","PRE","end point"
"121818Abl_EE1.1000000001.PRE.intact.d.2","PRE","end point"
"121818Abl_EE1.1000000001.PRE.intact.m.0","PRE","division"
"121818Abl_EE1.1000000002.PRE.intact.m.0","PRE","death"
"121818Abl_EE1.1000000003.PRE.intact.d.1","PRE","end point"
"121818Abl_EE1.1000000003.PRE.intact.d.2","PRE","end point"
"121818Abl_EE1.1000000003.PRE.intact.m.0","PRE","division"
"121818Abl_EE1.1000000004.PRE.intact.m.0","PRE","death"
"121818Abl_EE1.1000000005.PRE.intact.d.1","PRE","end point"
"121818Abl_EE1.1000000005.PRE.intact.d.2","PRE","death"
"121818Abl_EE1.1000000005.PRE.intact.m.0","PRE","division"
"121818Abl_EE1.1000000006.PRE.intact.m.0","PRE","death"
"121818Abl_EE1.1000000007.PRE.intact.d.1","PRE","death"
"121818Abl_EE1.1000000007.PRE.intact.d.2","PRE","end point"
"121818Abl_EE1.1000000007.PRE.intact.m.0","PRE","division"
"121818Abl_EE1.1000000009.EPI.intact.m.0","EPI","end point"
"121818Abl_EE1.1000000010.EPI.intact.m.0","EPI","death"
"121818Abl_EE1.1000000011.EPI.intact.m.0","EPI","end point"
"121818Abl_EE1.1000000012.DP.intact.m.0","DP","end point"
"121818Abl_EE1.1000000013.DP.intact.m.0","DP","death"
"121818Abl_EE1.1000000014.DP.intact.m.0","DP","end point"
"121818Abl_EE1.1000000015.DP.intact.m.0","DP","death"
"121818Abl_EE1.1000000016.DP.intact.m.0","DP","death"
"121818Abl_EE1.1000000017.DP.intact.m.0","DP","end point"
"121818Abl_EE1.1000000018.DP.intact.m.0","DP","off frame"
"121818Abl_EE1.1000000019.DP.intact.m.0","DP","end point"
"121818Abl_EE1.1000000020.DP.intact.m.0","DP","death"
"121818Abl_EE1.1000000021.DP.intact.m.0","DP","end point"
"121818Abl_EE1.1000000022.DP.intact.m.0","DP","death"
"121818Abl_EE1.1000000023.DP.intact.m.0","DP","lost"
"121818Abl_EE1.1000000024.DP.intact.m.0","DP","end point"
"121818Abl_EE1.1000000026.DP.intact.m.0","DP","death"
"121818Abl_EE1.1000001109.DP.intact.m.0","DP","death"
"121818Abl_EE2.1000000000.PRE.intact.m.0","PRE","death"
"121818Abl_EE2.1000000001.PRE.intact.d.1","PRE","end point"
"121818Abl_EE2.1000000001.PRE.intact.d.2","PRE","end point"
"121818Abl_EE2.1000000001.PRE.intact.m.0","PRE","division"
"121818Abl_EE2.1000000002.PRE.intact.m.0","PRE","death"
"121818Abl_EE2.1000000003.PRE.intact.d.1","PRE","end point"
"121818Abl_EE2.1000000003.PRE.intact.d.2","PRE","end point"
"121818Abl_EE2.1000000003.PRE.intact.m.0","PRE","division"
"121818Abl_EE2.1000000004.PRE.intact.d.1","PRE","death"
"121818Abl_EE2.1000000004.PRE.intact.d.2","PRE","end point"
"121818Abl_EE2.1000000004.PRE.intact.m.0","PRE","division"
"121818Abl_EE2.1000000005.PRE.intact.m.0","PRE","death"
"121818Abl_EE2.1000000006.PRE.intact.m.0","PRE","end point"
"121818Abl_EE2.1000000007.PRE.intact.m.0","PRE","end point"
"121818Abl_EE2.1000000008.PRE.intact.d.1","PRE","end point"
"121818Abl_EE2.1000000008.PRE.intact.d.2","PRE","end point"
"121818Abl_EE2.1000000008.PRE.intact.m.0","PRE","division"
"121818Abl_EE2.1000000009.PRE.intact.m.0","PRE","death"
"121818Abl_EE2.1000000010.PRE.intact.d.1","PRE","end point"
"121818Abl_EE2.1000000010.PRE.intact.d.2","PRE","end point"
"121818Abl_EE2.1000000010.PRE.intact.m.0","PRE","division"
"121818Abl_EE2.1000000011.PRE.intact.m.0","PRE","end point"
"121818Abl_EE2.1000000012.PRE.intact.m.0","PRE","death"
"121818Abl_EE2.1000000013.PRE.intact.m.0","PRE","death"
"121818Abl_EE2.1000000014.PRE.intact.d.1","PRE","end point"
"121818Abl_EE2.1000000014.PRE.intact.d.2","PRE","end point"
"121818Abl_EE2.1000000014.PRE.intact.m.0","PRE","division"
"121818Abl_EE2.1000000015.DP.intact.d.1","DP","off frame"
"121818Abl_EE2.1000000015.DP.intact.d.2","DP","off frame"
"121818Abl_EE2.1000000015.DP.intact.m.0","DP","division"
"121818Abl_EE2.1000000016.DP.intact.m.0","DP","death"
"121818Abl_EE2.1000000017.DP.intact.m.0","DP","death"
"121818Abl_EE2.1000000018.DP.intact.m.0","DP","death"
"121818Abl_EE2.1000000019.DP.intact.m.0","DP","death"
"121818Abl_EE2.1000000020.DP.intact.d.1","DP","death"
"121818Abl_EE2.1000000020.DP.intact.d.2","DP","end point"
"121818Abl_EE2.1000000020.DP.intact.m.0","DP","division"
"121818Abl_EE2.1000000021.DP.intact.d.1","DP","end point"
"121818Abl_EE2.1000000021.DP.intact.d.2","DP","end point"
"121818Abl_EE2.1000000021.DP.intact.m.0","DP","division"
"121818Abl_EE2.1000000022.DP.intact.d.1","DP","death"
"121818Abl_EE2.1000000022.DP.intact.d.2","DP","death"
"121818Abl_EE2.1000000022.DP.intact.m.0","DP","division"
"121818Abl_EE2.1000000023.DP.intact.m.0","DP","death"
"121818Abl_EE2.1000000024.DP.intact.m.0","DP","death"
"121818Abl_EE2.1000000025.DP.intact.d.1","DP","death"
"121818Abl_EE2.1000000025.DP.intact.d.2","DP","death"
"121818Abl_EE2.1000000025.DP.intact.m.0","DP","division"
"121818Abl_EE2.1000000026.DP.intact.m.0","DP","off frame"
"121818Abl_EE2.1000000027.DP.intact.m.0","DP","death"
"121818Abl_EE2.1000000028.DP.intact.m.0","DP","off frame"
"121818Abl_EE2.1000000029.DP.intact.m.0","DP","death"
"121818Abl_EE2.1000000030.DP.intact.m.0","DP","death"
"121818Abl_EE5.1000000000.PRE.intact.m.0","PRE","end point"
"121818Abl_EE5.1000000001.PRE.intact.d.1","PRE","end point"
"121818Abl_EE5.1000000001.PRE.intact.d.2","PRE","end point"
"121818Abl_EE5.1000000001.PRE.intact.m.0","PRE","division"
"121818Abl_EE5.1000000002.PRE.intact.d.1","PRE","end point"
"121818Abl_EE5.1000000002.PRE.intact.d.2","PRE","end point"
"121818Abl_EE5.1000000002.PRE.intact.m.0","PRE","division"
"121818Abl_EE5.1000000003.PRE.intact.m.0","PRE","death"
"121818Abl_EE5.1000000004.PRE.intact.d.1","PRE","off frame"
"121818Abl_EE5.1000000004.PRE.intact.d.2","PRE","death"
"121818Abl_EE5.1000000004.PRE.intact.m.0","PRE","division"
"121818Abl_EE5.1000000005.PRE.intact.d.1","PRE","off frame"
"121818Abl_EE5.1000000005.PRE.intact.d.2","PRE","end point"
"121818Abl_EE5.1000000005.PRE.intact.m.0","PRE","division"
"121818Abl_EE5.1000000006.PRE.intact.d.1","PRE","off frame"
"121818Abl_EE5.1000000006.PRE.intact.d.2","PRE","off frame"
"121818Abl_EE5.1000000006.PRE.intact.m.0","PRE","division"
"121818Abl_EE5.1000000007.DP.intact.d.1","DP","end point"
"121818Abl_EE5.1000000007.DP.intact.d.2","DP","death"
"121818Abl_EE5.1000000007.DP.intact.m.0","DP","division"
"121818Abl_EE5.1000000008.DP.intact.d.1","DP","end point"
"121818Abl_EE5.1000000008.DP.intact.d.2","DP","end point"
"121818Abl_EE5.1000000008.DP.intact.m.0","DP","division"
"121818Abl_EE5.1000000009.DP.intact.m.0","DP","death"
"121818Abl_EE5.1000000010.EPI.intact.m.0","EPI","end point"
"121818Abl_EE5.1000000011.DP.intact.m.0","DP","death"
"121818Abl_EE5.1000000012.DP.intact.m.0","DP","death"
"121818Abl_EE5.1000000013.DP.intact.m.0","DP","off frame"
"121818Abl_EE5.1000000014.DP.intact.m.0","DP","off frame"
"121818Abl_EE5.1000000015.DP.intact.m.0","DP","end point"
"121818Abl_EE5.1000000016.EPI.intact.m.0","EPI","lost"
"121818Abl_EE5.1000000017.DP.intact.m.0","DP","off frame"
"121818Abl_EE5.1000000018.EPI.intact.d.1","EPI","end point"
"121818Abl_EE5.1000000018.EPI.intact.d.2","EPI","end point"
"121818Abl_EE5.1000000018.EPI.intact.m.0","EPI","division"
"121818Abl_EE5.1000000019.EPI.intact.m.0","EPI","death"
"121818Abl_EE5.1000000020.EPI.intact.m.0","EPI","end point"
"121818Abl_EE5.1000000021.EPI.intact.m.0","EPI","death"
"121818Abl_EE5.1000000022.EPI.intact.m.0","EPI","death"
"121818Abl_EE5.1000000023.EPI.intact.m.0","EPI","death"
"121818Abl_EE5.1000000024.EPI.intact.m.0","EPI","death"
"121818Abl_EE5.1000000025.EPI.intact.m.0","EPI","off frame"
"121917Abl_CD3.1000000000.PRE.intact.d.1","PRE","end point"
"121917Abl_CD3.1000000000.PRE.intact.d.2","PRE","end point"
"121917Abl_CD3.1000000000.PRE.intact.m.0","PRE","division"
"121917Abl_CD3.1000000000.PRE.targeted.m.0","PRE","death"
"121917Abl_CD3.1000000003.PRE.targeted.m.0","PRE","death"
"121917Abl_CD3.1000000039.PRE.targeted.m.0","PRE","death"
"121917Abl_CD3.1000000055.PRE.targeted.m.0","PRE","death"
"121917Abl_CD3.1000000077.PRE.intact.d.1","PRE","death"
"121917Abl_CD3.1000000077.PRE.intact.d.2","PRE","death"
"121917Abl_CD3.1000000077.PRE.intact.m.0","PRE","division"
"121917Abl_CD3.1000000084.PRE.targeted.m.0","PRE","death"
"121917Abl_CD3.1000000098.PRE.targeted.m.0","PRE","death"
"121917Abl_CD3.1000000119.PRE.targeted.m.0","PRE","death"
"121917Abl_CD3.1000000144.PRE.intact.d.1","PRE","end point"
"121917Abl_CD3.1000000144.PRE.intact.d.2","PRE","end point"
"121917Abl_CD3.1000000144.PRE.intact.m.0","PRE","division"
"121917Abl_CD3.1000000384.PRE.intact.d.1","PRE","end point"
"121917Abl_CD3.1000000384.PRE.intact.d.2","PRE","end point"
"121917Abl_CD3.1000000384.PRE.intact.m.0","PRE","division"
"121917Abl_CD3.1000000466.PRE.intact.d.1","PRE","end point"
"121917Abl_CD3.1000000466.PRE.intact.d.2","PRE","lost"
"121917Abl_CD3.1000000466.PRE.intact.m.0","PRE","division"
"121917Abl_CD4.1000000001.PRE.intact.d.1","PRE","end point"
"121917Abl_CD4.1000000001.PRE.intact.d.2","PRE","end point"
"121917Abl_CD4.1000000001.PRE.intact.m.0","PRE","division"
"121917Abl_CD4.1000000072.PRE.intact.d.1","PRE","end point"
"121917Abl_CD4.1000000072.PRE.intact.d.2","PRE","end point"
"121917Abl_CD4.1000000072.PRE.intact.m.0","PRE","division"
"121917Abl_CD4.1000000177.PRE.intact.d.1","PRE","end point"
"121917Abl_CD4.1000000177.PRE.intact.d.2","PRE","end point"
"121917Abl_CD4.1000000177.PRE.intact.m.0","PRE","division"
"121917Abl_CD4.1000000306.PRE.intact.d.1","PRE","end point"
"121917Abl_CD4.1000000306.PRE.intact.d.2","PRE","end point"
"121917Abl_CD4.1000000306.PRE.intact.m.0","PRE","division"
"121917Abl_CD4.1000000378.PRE.intact.d.1","PRE","end point"
"121917Abl_CD4.1000000378.PRE.intact.d.2","PRE","end point"
"121917Abl_CD4.1000000378.PRE.intact.m.0","PRE","division"
"121917Abl_CD4.1000000486.PRE.intact.d.1","PRE","end point"
"121917Abl_CD4.1000000486.PRE.intact.d.2","PRE","end point"
"121917Abl_CD4.1000000486.PRE.intact.m.0","PRE","division"
"121917Abl_CD4.1000000587.PRE.intact.m.0","PRE","death"
"121917Abl_CD4.1000000650.PRE.intact.d.1","PRE","end point"
"121917Abl_CD4.1000000650.PRE.intact.d.2","PRE","end point"
"121917Abl_CD4.1000000650.PRE.intact.m.0","PRE","division"
"121917Abl_CD4.1000000724.PRE.intact.d.1","PRE","end point"
"121917Abl_CD4.1000000724.PRE.intact.d.2","PRE","end point"
"121917Abl_CD4.1000000724.PRE.intact.m.0","PRE","division"
"121917Abl_CD4.1000001477.PRE.intact.d.1","PRE","end point"
"121917Abl_CD4.1000001477.PRE.intact.d.2","PRE","end point"
"121917Abl_CD4.1000001477.PRE.intact.m.0","PRE","division"
"121917Abl_CD4.1000001567.PRE.intact.m.0","PRE","death"
"121917Abl_CD4.1000001570.PRE.intact.d.1","PRE","end point"
"121917Abl_CD4.1000001570.PRE.intact.d.2","PRE","end point"
"121917Abl_CD4.1000001570.PRE.intact.m.0","PRE","division"
"121917Abl_CD4.1000001650.PRE.intact.d.1","PRE","end point"
"121917Abl_CD4.1000001650.PRE.intact.d.2","PRE","end point"
"121917Abl_CD4.1000001650.PRE.intact.m.0","PRE","division"
"121917Abl_CD4.1000001732.DP.intact.d.1","DP","end point"
"121917Abl_CD4.1000001732.DP.intact.d.2","DP","end point"
"121917Abl_CD4.1000001732.DP.intact.m.0","DP","division"
"121917Abl_CE1.1000000000.PRE.intact.d.1","PRE","end point"
"121917Abl_CE1.1000000000.PRE.intact.d.2","PRE","end point"
"121917Abl_CE1.1000000000.PRE.intact.m.0","PRE","division"
"121917Abl_CE1.1000000000.PRE.targeted.m.0","PRE","death"
"121917Abl_CE1.1000000057.PRE.targeted.m.0","PRE","death"
"121917Abl_CE1.1000000087.PRE.intact.m.0","PRE","death"
"121917Abl_CE1.1000000093.PRE.targeted.m.0","PRE","death"
"121917Abl_CE1.1000000113.PRE.targeted.m.0","PRE","death"
"121917Abl_CE1.1000000122.PRE.intact.m.0","PRE","death"
"121917Abl_CE1.1000000133.PRE.targeted.m.0","PRE","death"
"121917Abl_CE1.1000000148.PRE.intact.d.1","PRE","end point"
"121917Abl_CE1.1000000148.PRE.intact.d.2","PRE","end point"
"121917Abl_CE1.1000000148.PRE.intact.m.0","PRE","division"
"121917Abl_CE1.1000000149.PRE.targeted.m.0","PRE","death"
"121917Abl_CE1.1000000170.PRE.targeted.m.0","PRE","death"
"121917Abl_CE1.1000000195.PRE.targeted.m.0","PRE","death"
"121917Abl_CE1.1000000216.PRE.targeted.m.0","PRE","death"
"121917Abl_CE1.1000000233.PRE.targeted.d.1","PRE","death"
"121917Abl_CE1.1000000233.PRE.targeted.d.2","PRE","death"
"121917Abl_CE1.1000000233.PRE.targeted.m.0","PRE","division"
"121917Abl_CE1.1000000235.PRE.targeted.m.0","PRE","death"
"121917Abl_CE2.1000000000.PRE.intact.m.0","PRE","lost"
"121917Abl_CE2.1000000000.PRE.targeted.m.0","PRE","death"
"121917Abl_CE2.1000000002.PRE.targeted.m.0","PRE","death"
"121917Abl_CE2.1000000018.PRE.targeted.m.0","PRE","death"
"121917Abl_CE2.1000000022.PRE.targeted.m.0","PRE","death"
"121917Abl_CE2.1000000023.PRE.targeted.m.0","PRE","death"
"121917Abl_CE2.1000000027.PRE.targeted.m.0","PRE","death"
"121917Abl_CE2.1000000053.PRE.targeted.m.0","PRE","death"
"121917Abl_CE2.1000000062.PRE.intact.d.1","PRE","end point"
"121917Abl_CE2.1000000062.PRE.intact.d.2","PRE","end point"
"121917Abl_CE2.1000000062.PRE.intact.m.0","PRE","division"
"121917Abl_CE2.1000000137.DP.intact.d.1","DP","end point"
"121917Abl_CE2.1000000137.DP.intact.d.2","DP","lost"
"121917Abl_CE2.1000000137.DP.intact.m.0","DP","division"
"121917Abl_CE2.1000000355.PRE.targeted.m.0","PRE","death"
"121917Abl_CE3.1000000000.PRE.intact.m.0","PRE","end point"
"121917Abl_CE3.1000000000.PRE.targeted.m.0","PRE","death"
"121917Abl_CE3.1000000012.PRE.targeted.m.0","PRE","death"
"121917Abl_CE3.1000000027.PRE.targeted.m.0","PRE","death"
"121917Abl_CE3.1000000050.PRE.targeted.m.0","PRE","death"
"121917Abl_CE3.1000000070.PRE.intact.m.0","PRE","end point"
"121917Abl_CE3.1000000132.PRE.targeted.m.0","PRE","end point"
"121917Abl_CE3.1000000140.PRE.intact.m.0","PRE","end point"
"121917Abl_CE3.1000000202.PRE.targeted.m.0","PRE","death"
"121917Abl_CE3.1000000210.PRE.intact.m.0","PRE","end point"
"121917Abl_CE3.1000000280.PRE.intact.d.1","PRE","end point"
"121917Abl_CE3.1000000280.PRE.intact.d.2","PRE","end point"
"121917Abl_CE3.1000000280.PRE.intact.m.0","PRE","division"
"121917Abl_CE3.1000000759.DP.intact.d.1","DP","end point"
"121917Abl_CE3.1000000759.DP.intact.d.2","DP","end point"
"121917Abl_CE3.1000000759.DP.intact.m.0","DP","division"
"121917Abl_CE3.1000000894.PRE.intact.m.0","PRE","end point"
"121917Abl_CE3.1000000964.DP.intact.m.0","DP","end point"
"121917Abl_CE3.1000001035.DP.intact.m.0","DP","end point"
"121917Abl_CE3.1000001105.DP.intact.m.0","DP","death"
"121917Abl_CE3.1000001153.PRE.intact.m.0","PRE","lost"
"121917Abl_CE4.1000000000.PRE.intact.m.0","PRE","end point"
"121917Abl_CE4.1000000000.PRE.targeted.m.0","PRE","death"
"121917Abl_CE4.1000000016.PRE.targeted.m.0","PRE","death"
"121917Abl_CE4.1000000025.PRE.intact.m.0","PRE","end point"
"121917Abl_CE4.1000000034.PRE.targeted.m.0","PRE","death"
"121917Abl_CE4.1000000060.DP.targeted.m.0","DP","death"
"121917Abl_CE4.1000000062.PRE.intact.m.0","PRE","off frame"
"121917Abl_CE4.1000000064.PRE.targeted.m.0","PRE","lost"
"121917Abl_CE4.1000000083.PRE.targeted.m.0","PRE","death"
"121917Abl_CE4.1000000088.PRE.targeted.m.0","PRE","death"
"121917Abl_CE4.1000000110.PRE.intact.m.0","PRE","death"
"121917Abl_CE4.1000000173.PRE.targeted.m.0","PRE","off frame"
"121917Abl_CE4.1000000233.PRE.intact.m.0","PRE","off frame"
"121917Abl_CE5.1000000000.PRE.intact.d.1","PRE","end point"
"121917Abl_CE5.1000000000.PRE.intact.d.2","PRE","end point"
"121917Abl_CE5.1000000000.PRE.intact.m.0","PRE","division"
"121917Abl_CE5.1000000179.PRE.intact.d.1","PRE","end point"
"121917Abl_CE5.1000000179.PRE.intact.d.2","PRE","end point"
"121917Abl_CE5.1000000179.PRE.intact.m.0","PRE","division"
"121917Abl_CE5.1000000182.PRE.intact.d.1","PRE","end point"
"121917Abl_CE5.1000000182.PRE.intact.d.2","PRE","end point"
"121917Abl_CE5.1000000182.PRE.intact.m.0","PRE","division"
"121917Abl_CE5.1000000283.PRE.intact.m.0","PRE","end point"
"121917Abl_CE5.1000000353.PRE.intact.m.0","PRE","end point"
"121917Abl_CE5.1000000423.PRE.intact.m.0","PRE","end point"
"121917Abl_CE5.1000000493.PRE.intact.m.0","PRE","death"
"121917Abl_CE5.1000000526.PRE.intact.d.1","PRE","end point"
"121917Abl_CE5.1000000526.PRE.intact.d.2","PRE","end point"
"121917Abl_CE5.1000000526.PRE.intact.m.0","PRE","division"
"121917Abl_CE5.1000000665.PRE.intact.d.1","PRE","end point"
"121917Abl_CE5.1000000665.PRE.intact.d.2","PRE","end point"
"121917Abl_CE5.1000000665.PRE.intact.m.0","PRE","division"
"121917Abl_CE5.1000000758.PRE.intact.m.0","PRE","end point"
"121917Abl_CE5.1000000828.PRE.intact.m.0","PRE","end point"
"121917Abl_CE5.1000000898.PRE.intact.m.0","PRE","end point"
"121917Abl_CE5.1000000968.PRE.intact.m.0","PRE","off frame"
"121917Abl_CE5.1000001978.PRE.intact.d.1","PRE","end point"
"121917Abl_CE5.1000001978.PRE.intact.d.2","PRE","off frame"
"121917Abl_CE5.1000001978.PRE.intact.m.0","PRE","division"
"121917Abl_CE6.1000000000.PRE.intact.d.1","PRE","death"
"121917Abl_CE6.1000000000.PRE.intact.d.2","PRE","end point"
"121917Abl_CE6.1000000000.PRE.intact.m.0","PRE","division"
"121917Abl_CE6.1000000077.PRE.intact.m.0","PRE","end point"
"121917Abl_CE6.1000000147.PRE.intact.d.1","PRE","end point"
"121917Abl_CE6.1000000147.PRE.intact.d.2","PRE","end point"
"121917Abl_CE6.1000000147.PRE.intact.m.0","PRE","division"
"121917Abl_CE6.1000000275.PRE.intact.d.1","PRE","end point"
"121917Abl_CE6.1000000275.PRE.intact.d.2","PRE","end point"
"121917Abl_CE6.1000000275.PRE.intact.m.0","PRE","division"
"121917Abl_CE6.1000000414.PRE.intact.m.0","PRE","death"
"121917Abl_CE6.1000000460.PRE.intact.d.1","PRE","end point"
"121917Abl_CE6.1000000460.PRE.intact.d.2","PRE","end point"
"121917Abl_CE6.1000000460.PRE.intact.m.0","PRE","division"
"121917Abl_CE6.1000000599.PRE.intact.m.0","PRE","end point"
"121917Abl_CE6.1000000669.PRE.intact.d.1","PRE","off frame"
"121917Abl_CE6.1000000669.PRE.intact.d.2","PRE","end point"
"121917Abl_CE6.1000000669.PRE.intact.m.0","PRE","division"
"121917Abl_CE6.1000000749.PRE.intact.m.0","PRE","end point"
"121917Abl_CE6.1000000820.PRE.intact.m.0","PRE","end point"
"121917Abl_CE6.1000000890.PRE.intact.d.1","PRE","end point"
"121917Abl_CE6.1000000890.PRE.intact.d.2","PRE","off frame"
"121917Abl_CE6.1000000890.PRE.intact.m.0","PRE","division"
"121917Abl_CE6.1000000975.PRE.intact.d.1","PRE","off frame"
"121917Abl_CE6.1000000975.PRE.intact.d.2","PRE","off frame"
"121917Abl_CE6.1000000975.PRE.intact.m.0","PRE","division"
